Service_provider,technology,signal_strength,State,City,lat,lon,mobile_no
JIO,4G,-95.0,Maharashtra,mumbai,19.18144293100627,77.3132288126472,9000000032
JIO,4G,-95.0,Maharashtra,nagpur,19.18708554990496,77.31238738961505,9000000150
JIO,4G,-65.0,Maharashtra,mumbai,19.187000014741173,77.31295355062025,9000000041
JIO,4G,-65.0,Maharashtra,nagpur,19.183839581102273,77.3118638911521,9000000137
IDEA,4G,-74.0,Maharashtra,nagpur,19.182928016074232,77.3193191866237,9000000034
IDEA,4G,-68.0,Maharashtra,aurangabad,19.184451945213024,77.3114200273738,9000000096
IDEA,4G,-102.0,Maharashtra,aurangabad,19.186950451165238,77.31904914363031,9000000086
IDEA,4G,-89.0,Maharashtra,nagpur,19.18255742238844,77.31804122644441,9000000193
IDEA,4G,-94.0,Maharashtra,mumbai,19.185273800767245,77.31391350325721,9000000129
IDEA,4G,-85.0,Maharashtra,nagpur,19.1814876489265,77.31563133267784,9000000060
IDEA,4G,-85.0,Maharashtra,pune,19.185771977037607,77.31968203839448,9000000097
IDEA,4G,-98.0,Maharashtra,nanded,19.1808050310669,77.31793162225772,9000000098
IDEA,4G,-103.0,Maharashtra,nanded,19.178118321621106,77.31594159206942,9000000189
IDEA,4G,-105.0,Maharashtra,nanded,19.181383830157326,77.31524060780501,9000000068
IDEA,4G,-90.0,Maharashtra,nanded,19.17753423406664,77.31786514282923,9000000094
IDEA,4G,-89.0,Maharashtra,nanded,19.178604539473408,77.31652997532224,9000000038
IDEA,4G,-84.0,Maharashtra,pune,19.18333746464561,77.31231161613184,9000000104
IDEA,4G,-89.0,Maharashtra,pune,19.180747081400174,77.31216176030772,9000000032
IDEA,4G,-85.0,Maharashtra,pune,19.180855560024106,77.31265330164055,9000000178
IDEA,4G,-74.0,Maharashtra,nagpur,19.18295276925386,77.31152714970223,9000000075
IDEA,4G,-68.0,Maharashtra,nanded,19.18547887959967,77.3151296147924,9000000040
IDEA,4G,-89.0,Maharashtra,pune,19.186388562570396,77.32011642418395,9000000165
IDEA,4G,-94.0,Maharashtra,mumbai,19.181154911402366,77.31548019035287,9000000156
IDEA,4G,-85.0,Maharashtra,pune,19.18578533522758,77.31792716714482,9000000171
IDEA,4G,-85.0,Maharashtra,nanded,19.182011195970052,77.31360132276906,9000000173
IDEA,4G,-98.0,Maharashtra,nagpur,19.1815178613404,77.31871194512439,9000000023
IDEA,4G,-103.0,Maharashtra,aurangabad,19.179005573183147,77.31692869283387,9000000179
IDEA,4G,-105.0,Maharashtra,pune,19.181465606776253,77.31146948390625,9000000126
IDEA,4G,-90.0,Maharashtra,nanded,19.17992893671033,77.31411531573383,9000000109
IDEA,4G,-89.0,Maharashtra,mumbai,19.183612490722066,77.31792541445293,9000000006
IDEA,4G,-84.0,Maharashtra,mumbai,19.17930181293736,77.31610662123106,9000000012
IDEA,4G,-89.0,Maharashtra,nanded,19.18225514056133,77.31327485930233,9000000072
IDEA,4G,-85.0,Maharashtra,nagpur,19.18565088205864,77.313104082639,9000000181
JIO,4G,-92.0,West Bengal,bankura,19.18569961643428,77.31417631213118,9000000007
JIO,4G,-92.0,West Bengal,kolkata,19.179207441132203,77.31364652973251,9000000059
JIO,4G,-103.0,Maharashtra,mumbai,19.182026744431067,77.31248372106,9000000019
JIO,4G,-109.0,Maharashtra,nagpur,19.182897206036746,77.31981707825007,9000000182
JIO,4G,-98.0,Maharashtra,nanded,19.180191352600254,77.31783585921819,9000000175
JIO,4G,-109.0,Maharashtra,aurangabad,19.186933644024137,77.31163896158935,9000000165
JIO,4G,-111.0,Maharashtra,mumbai,19.185658146007405,77.31088820949756,9000000153
JIO,4G,-109.0,Maharashtra,mumbai,19.18594716910189,77.31177437646309,9000000181
JIO,4G,-111.0,Maharashtra,mumbai,19.179764992571247,77.31903824154786,9000000187
JIO,4G,-108.0,Maharashtra,pune,19.181425838726422,77.31599309963677,9000000134
JIO,4G,-110.0,Maharashtra,mumbai,19.183254767290315,77.32042112844775,9000000122
JIO,4G,-82.0,Maharashtra,mumbai,19.179629520052085,77.31525975139215,9000000037
JIO,4G,-85.0,Maharashtra,nanded,19.18300177590684,77.32036838452187,9000000116
JIO,4G,-93.0,Maharashtra,nagpur,19.185637312659555,77.31505297750167,9000000194
JIO,4G,-93.0,Maharashtra,nanded,19.178345063711586,77.31415018889423,9000000154
JIO,4G,-103.0,Maharashtra,nanded,19.178692976142315,77.31408101942715,9000000040
JIO,4G,-108.0,Maharashtra,nagpur,19.182297736728575,77.31603238807536,9000000068
JIO,4G,-109.0,Maharashtra,nanded,19.18107555236781,77.31405800652368,9000000164
JIO,4G,-109.0,Maharashtra,mumbai,19.184150092116194,77.31705512810547,9000000144
JIO,4G,-108.0,Maharashtra,pune,19.17747085405462,77.31445306311494,9000000167
JIO,4G,-110.0,Maharashtra,aurangabad,19.177958557377814,77.31415073820966,9000000184
JIO,4G,-105.0,Maharashtra,pune,19.18392903763607,77.31532587230609,9000000017
JIO,4G,-109.0,Maharashtra,nanded,19.181642785326336,77.31837134206528,9000000132
JIO,4G,-77.0,Maharashtra,aurangabad,19.178944287804054,77.31495386170641,9000000061
JIO,4G,-85.0,Maharashtra,aurangabad,19.179014457684143,77.31548627815665,9000000079
JIO,4G,-93.0,Maharashtra,aurangabad,19.185584016366718,77.31238996787692,9000000129
JIO,4G,-88.0,Maharashtra,pune,19.18398745044411,77.31806096362348,9000000137
JIO,4G,-80.0,Andhra Pradesh,guntur,19.180375037529828,77.3174724274612,9000000054
JIO,4G,-80.0,Andhra Pradesh,visakhapatnam,19.18632877849616,77.31405821252575,9000000083
JIO,4G,-79.0,Andhra Pradesh,visakhapatnam,19.182669848172907,77.31542794031114,9000000180
JIO,4G,-79.0,Andhra Pradesh,visakhapatnam,19.18021162772548,77.31562644073799,9000000198
JIO,4G,-79.0,Andhra Pradesh,nellore,19.185922533816193,77.31127363121745,9000000122
JIO,4G,-79.0,Andhra Pradesh,kurnool,19.186793826553973,77.32050163275937,9000000150
JIO,4G,-76.0,Madhya Pradesh,bhopal,19.18475862288684,77.31299227776618,9000000113
JIO,4G,-110.0,Tamil Nadu,salem,19.186661256436746,77.31339818997624,9000000007
JIO,4G,-109.0,Tamil Nadu,Chennai,19.18320883523653,77.31231566813257,9000000134
JIO,4G,-61.0,UP,agra,19.183116797411433,77.31551540888441,9000000154
JIO,4G,-76.0,Gujarat,surat,19.17817855555157,77.31695289407685,9000000170
JIO,4G,-76.0,Gujarat,ahmedabad,19.17911213484903,77.3196673929163,9000000000
JIO,4G,-77.0,Rajasthan,jaipur,19.18351264864199,77.31157313068661,9000000081
JIO,4G,-77.0,Rajasthan,kota,19.18406290593078,77.31105851239035,9000000195
AIRTEL,4G,-90.0,Punjab,faisalabad,19.182993577415573,77.3138337218436,9000000133
AIRTEL,4G,-91.0,Punjab,rawalpindi,19.184874869185602,77.32009199071179,9000000005
AIRTEL,4G,-85.0,UP,lucknow,19.186434518363953,77.31835802022745,9000000200
AIRTEL,4G,-85.0,UP,varanasi,19.177857630085985,77.31524301353457,9000000046
JIO,4G,-64.0,Kerala,trivandrum,19.180267098638566,77.31211159754956,9000000194
JIO,4G,-64.0,Kerala,kollam,19.18409880339859,77.31713981937148,9000000169
JIO,4G,-83.0,Rajasthan,jaipur,19.186969111749143,77.31248147711209,9000000090
JIO,4G,-83.0,Rajasthan,bikaner,19.179530049860034,77.31187756156622,9000000112
JIO,4G,-66.0,Maharashtra,mumbai,19.180052268295047,77.31170593237934,9000000037
JIO,4G,-66.0,Maharashtra,nagpur,19.185701908023148,77.3115165295978,9000000022
JIO,4G,-66.0,Maharashtra,mumbai,19.1792203384165,77.31173977870986,9000000144
JIO,4G,-66.0,Maharashtra,mumbai,19.180902427720095,77.31163714015187,9000000085
AIRTEL,4G,-89.0,Bihar,bhagalpur,19.180523118682736,77.31600576701679,9000000032
AIRTEL,4G,-89.0,Bihar,bhagalpur,19.186964671085374,77.3197574922343,9000000151
AIRTEL,4G,-83.0,Orissa,puri,19.17864582806744,77.31167343081238,9000000133
AIRTEL,4G,-77.0,Orissa,rourkela,19.177502523708693,77.31828564607329,9000000028
AIRTEL,4G,-83.0,Orissa,brahmapur,19.179482118526952,77.31357252090984,9000000189
AIRTEL,4G,-76.0,Orissa,rourkela,19.178106631196037,77.31286161778436,9000000055
VODAFONE,4G,-97.0,Maharashtra,nagpur,19.18224784156145,77.32031467397373,9000000143
VODAFONE,4G,-93.0,Maharashtra,aurangabad,19.177363300701074,77.31410080507416,9000000100
VODAFONE,4G,-97.0,Maharashtra,aurangabad,19.185520760956162,77.31495098066637,9000000191
VODAFONE,4G,-97.0,Maharashtra,aurangabad,19.182632190942726,77.31242816557615,9000000074
JIO,4G,-54.0,Tamil Nadu,madurai,19.178655495087156,77.31816069842287,9000000122
JIO,4G,-54.0,Tamil Nadu,tiruppur,19.181051792074193,77.31199470179621,9000000035
JIO,4G,-54.0,Tamil Nadu,coimbatore,19.181879976352004,77.32067371839824,9000000018
JIO,4G,-66.0,Maharashtra,aurangabad,19.184240765174888,77.31904039205664,9000000163
JIO,4G,-67.0,Maharashtra,aurangabad,19.179354415082965,77.31104378279636,9000000053
JIO,4G,-66.0,Maharashtra,mumbai,19.179559050697293,77.31705032986214,9000000135
JIO,4G,-66.0,Maharashtra,aurangabad,19.185771446215306,77.31796920373363,9000000101
JIO,4G,-54.0,UP,meerut,19.180347498904172,77.3116415950393,9000000145
JIO,4G,-54.0,UP,kanpur,19.184093441858398,77.31324435059139,9000000154
JIO,4G,-97.0,West Bengal,hugli,19.184780112684557,77.31845401113291,9000000098
JIO,4G,-84.0,Andhra Pradesh,nellore,19.178283684424734,77.3159429622051,9000000115
JIO,4G,-105.0,West Bengal,kolkata,19.182173182074887,77.31381714816119,9000000099
JIO,4G,-86.0,Andhra Pradesh,vijayawada,19.181059922930533,77.31422631559322,9000000086
IDEA,4G,-102.0,UP,meerut,19.18537426519372,77.31482605444825,9000000119
IDEA,4G,-102.0,UP,meerut,19.180918841116274,77.31342939315391,9000000128
JIO,4G,-71.0,Orissa,rourkela,19.18594046192974,77.31263950477722,9000000061
JIO,4G,-71.0,Orissa,rourkela,19.18473664636502,77.31398785663468,9000000076
AIRTEL,4G,-93.0,Kerala,kozhikode,19.181513148281685,77.31215240945151,9000000094
AIRTEL,4G,-93.0,Kerala,trivandrum,19.182639821849502,77.31307582072945,9000000030
JIO,4G,-100.0,Rajasthan,kota,19.17982659437563,77.32041326317672,9000000169
JIO,4G,-100.0,Rajasthan,kota,19.180801997977667,77.31996145527894,9000000136
JIO,4G,-64.0,Maharashtra,pune,19.183978756470662,77.31763074994163,9000000053
JIO,4G,-64.0,Maharashtra,nanded,19.18098166984112,77.31198386564678,9000000172
JIO,4G,-72.0,UP,agra,19.18643136417454,77.3179889160882,9000000092
JIO,4G,-72.0,UP,varanasi,19.177133642607657,77.31511536685484,9000000140
JIO,4G,-83.0,Gujarat,surat,19.184964974111786,77.31760365022383,9000000095
JIO,4G,-83.0,Gujarat,vadodara,19.186523565769946,77.31749733816049,9000000108
CELLONE,3G,-79.0,Karnataka,hubli-dharwad,19.17944186710945,77.31632369208714,9000000014
CELLONE,3G,-63.0,Karnataka,mangaluru,19.1811718168011,77.31371092332255,9000000151
CELLONE,3G,-67.0,Karnataka,hubli-dharwad,19.178404504417358,77.31268015049704,9000000193
CELLONE,3G,-63.0,Karnataka,hubli-dharwad,19.184840154416932,77.31690962010134,9000000039
AIRTEL,4G,-105.0,West Bengal,kolkata,19.184169074111754,77.31813446950902,9000000082
VODAFONE,4G,-97.0,West Bengal,hugli,19.18690090800116,77.31680261371564,9000000096
VODAFONE,4G,-111.0,West Bengal,kolkata,19.180037306572014,77.31342572994845,9000000172
VODAFONE,3G,-91.0,West Bengal,kolkata,19.179041389267844,77.31702806747853,9000000122
AIRTEL,4G,-105.0,West Bengal,nadia,19.17788475073309,77.31407641765297,9000000075
VODAFONE,4G,-97.0,West Bengal,kolkata,19.178146428886627,77.31673955539527,9000000072
VODAFONE,4G,-111.0,West Bengal,nadia,19.18486573702217,77.31494425662876,9000000175
VODAFONE,3G,-91.0,West Bengal,bankura,19.182455761558344,77.31681367918681,9000000011
JIO,4G,-86.0,Karnataka,hubli-dharwad,19.179237692017395,77.31330660016154,9000000185
JIO,4G,-86.0,Karnataka,mysuru,19.181785779349124,77.31741957549166,9000000040
JIO,4G,-91.0,UP,meerut,19.186618835041422,77.31577999468212,9000000109
JIO,4G,-91.0,UP,varanasi,19.18242601424587,77.31170662199872,9000000049
JIO,4G,-62.0,UP,meerut,19.17777387876231,77.31710264727153,9000000052
JIO,4G,-64.0,UP,kanpur,19.180901981280275,77.31425422223919,9000000139
JIO,4G,-64.0,UP,varanasi,19.177801886465872,77.3189512726006,9000000001
JIO,4G,-65.0,Kerala,trivandrum,19.185991118881727,77.31219735616466,9000000062
JIO,4G,-65.0,Kerala,kollam,19.179958239566236,77.31519522753975,9000000123
JIO,4G,-92.0,Assam,silchar,19.18647725700236,77.31964001630297,9000000003
JIO,4G,-103.0,Assam,silchar,19.186614864101525,77.31983565561066,9000000171
JIO,4G,-99.0,Assam,silchar,19.179485739204647,77.31851654429377,9000000110
JIO,4G,-94.0,Assam,silchar,19.186560339086462,77.31519428663373,9000000190
JIO,4G,-93.0,Assam,jorhat,19.177719978448287,77.31318891741256,9000000070
JIO,4G,-97.0,Tamil Nadu,tiruppur,19.18104623033457,77.3141445244581,9000000195
JIO,4G,-95.0,Tamil Nadu,coimbatore,19.18337750309584,77.31663131686545,9000000081
JIO,4G,-83.0,Rajasthan,bikaner,19.179681498009188,77.31593715975187,9000000183
JIO,4G,-83.0,Rajasthan,jaipur,19.18351200381227,77.31072833233543,9000000175
JIO,4G,-70.0,Bihar,gaya,19.18485713527277,77.31552592812487,9000000143
JIO,4G,-77.0,Bihar,purnia,19.17886657042754,77.31304963814128,9000000040
JIO,4G,-71.0,Bihar,gaya,19.178882580688885,77.31226699750083,9000000023
JIO,4G,-107.0,Bihar,patna,19.179405547346718,77.31619537125259,9000000102
JIO,4G,-112.0,Bihar,purnia,19.18491456124533,77.31856716297875,9000000137
JIO,4G,-70.0,Bihar,gaya,19.18433949445333,77.31776262687563,9000000021
JIO,4G,-78.0,Bihar,bhagalpur,19.182633457334827,77.3126030319753,9000000133
JIO,4G,-66.0,Bihar,muzzafarpur,19.178002382817105,77.31923932345654,9000000167
JIO,4G,-110.0,Bihar,bhagalpur,19.182299558307328,77.31241665827946,9000000033
JIO,4G,-112.0,Bihar,patna,19.184781508078295,77.31701068461737,9000000048
AIRTEL,4G,-101.0,Madhya Pradesh,jabalpur,19.18467805972912,77.31179344921156,9000000056
AIRTEL,4G,-85.0,Madhya Pradesh,indore,19.1785994754352,77.31892497389245,9000000010
AIRTEL,4G,-85.0,Madhya Pradesh,indore,19.179001669747837,77.3131749872067,9000000188
AIRTEL,4G,-89.0,Madhya Pradesh,indore,19.184671135901738,77.31134057405785,9000000061
AIRTEL,4G,-86.0,Madhya Pradesh,jabalpur,19.17725976384485,77.31558951911201,9000000148
AIRTEL,4G,-78.0,Madhya Pradesh,bhopal,19.177181421070653,77.31716148615371,9000000117
AIRTEL,4G,-68.0,Madhya Pradesh,jabalpur,19.179833923999027,77.3145879506869,9000000054
AIRTEL,4G,-93.0,Madhya Pradesh,indore,19.178513463224323,77.31480329118561,9000000187
AIRTEL,4G,-92.0,Madhya Pradesh,gwalior,19.185961458774344,77.31236106253309,9000000038
AIRTEL,4G,-90.0,Madhya Pradesh,bhopal,19.181973350770203,77.31675071247685,9000000138
AIRTEL,4G,-101.0,Madhya Pradesh,ujjain,19.17911667849008,77.31536490492391,9000000028
AIRTEL,4G,-99.0,Madhya Pradesh,bhopal,19.179409215727105,77.31464452398396,9000000009
AIRTEL,4G,-82.0,Madhya Pradesh,gwalior,19.181247737526387,77.31306640862562,9000000187
AIRTEL,4G,-54.0,Madhya Pradesh,ujjain,19.187008176486238,77.3144583160321,9000000131
AIRTEL,4G,-60.0,Madhya Pradesh,gwalior,19.185027846478327,77.31296002495688,9000000064
AIRTEL,4G,-70.0,Madhya Pradesh,gwalior,19.182109792985226,77.31728154397345,9000000053
AIRTEL,4G,-81.0,Madhya Pradesh,ujjain,19.183985778733593,77.31250603079229,9000000091
AIRTEL,4G,-84.0,Madhya Pradesh,bhopal,19.178586236399465,77.3152487045512,9000000031
AIRTEL,4G,-93.0,Madhya Pradesh,indore,19.177719772319072,77.31080477030041,9000000028
AIRTEL,4G,-90.0,Madhya Pradesh,bhopal,19.17943256926112,77.31696075329549,9000000106
AIRTEL,4G,-91.0,Madhya Pradesh,ujjain,19.177990454345863,77.31287761679188,9000000023
AIRTEL,4G,-54.0,Madhya Pradesh,indore,19.18637087119365,77.31488308225276,9000000200
AIRTEL,4G,-66.0,Madhya Pradesh,jabalpur,19.1814958906176,77.31283835779125,9000000070
AIRTEL,4G,-86.0,Madhya Pradesh,gwalior,19.17732152808584,77.31188705452905,9000000053
AIRTEL,4G,-84.0,Madhya Pradesh,indore,19.18500574102786,77.31724142689598,9000000162
AIRTEL,4G,-74.0,Madhya Pradesh,indore,19.18657328777212,77.31439746149047,9000000116
AIRTEL,4G,-80.0,Madhya Pradesh,indore,19.18150428622257,77.31690936545274,9000000140
AIRTEL,4G,-65.0,Madhya Pradesh,gwalior,19.18564185004307,77.31285292906833,9000000080
AIRTEL,4G,-74.0,Madhya Pradesh,gwalior,19.182745218251387,77.31871624379349,9000000074
AIRTEL,4G,-87.0,Madhya Pradesh,indore,19.18097843533491,77.31979873992259,9000000108
AIRTEL,4G,-89.0,Madhya Pradesh,gwalior,19.179657806804954,77.31554254462209,9000000010
AIRTEL,4G,-76.0,Madhya Pradesh,gwalior,19.18594289025491,77.31702773305395,9000000044
AIRTEL,4G,-84.0,Madhya Pradesh,ujjain,19.179638442350353,77.31304744042734,9000000079
AIRTEL,4G,-84.0,Madhya Pradesh,gwalior,19.18362757373398,77.31286492315823,9000000063
AIRTEL,4G,-90.0,Madhya Pradesh,gwalior,19.17750522300972,77.31282743602951,9000000170
AIRTEL,4G,-100.0,Madhya Pradesh,gwalior,19.18264051060228,77.31678693912127,9000000171
AIRTEL,4G,-98.0,Madhya Pradesh,indore,19.180307969153915,77.31207209288542,9000000178
AIRTEL,4G,-96.0,Madhya Pradesh,bhopal,19.184455672757984,77.31498027684992,9000000178
AIRTEL,4G,-81.0,Madhya Pradesh,ujjain,19.186351125334753,77.31450722985831,9000000169
AIRTEL,4G,-79.0,Madhya Pradesh,ujjain,19.181326023810502,77.3201896829971,9000000145
AIRTEL,4G,-80.0,Madhya Pradesh,bhopal,19.178102267965123,77.31367722565618,9000000025
AIRTEL,4G,-50.0,Madhya Pradesh,indore,19.182442253481227,77.31637184854999,9000000058
AIRTEL,4G,-86.0,Madhya Pradesh,gwalior,19.18254517314133,77.32065787181591,9000000092
AIRTEL,4G,-97.0,Madhya Pradesh,bhopal,19.185174671168845,77.31691442321284,9000000181
AIRTEL,4G,-89.0,Madhya Pradesh,ujjain,19.180335488855132,77.31743497450915,9000000126
AIRTEL,4G,-97.0,Madhya Pradesh,gwalior,19.179729411222265,77.31098571029973,9000000110
AIRTEL,4G,-65.0,Madhya Pradesh,ujjain,19.185554001288345,77.31546514118132,9000000185
AIRTEL,4G,-86.0,Madhya Pradesh,indore,19.186820715079588,77.31294378459327,9000000069
AIRTEL,4G,-86.0,Madhya Pradesh,indore,19.178310005721965,77.31800311934283,9000000107
AIRTEL,4G,-79.0,Madhya Pradesh,gwalior,19.17928361907243,77.31865388258835,9000000083
AIRTEL,4G,-83.0,Madhya Pradesh,bhopal,19.18306613388896,77.31241357972853,9000000182
AIRTEL,4G,-63.0,Madhya Pradesh,gwalior,19.178643523962272,77.31130473447439,9000000180
AIRTEL,4G,-93.0,Madhya Pradesh,ujjain,19.186535502222547,77.31163028438263,9000000191
AIRTEL,4G,-101.0,Madhya Pradesh,ujjain,19.178423932967373,77.31453063851437,9000000080
AIRTEL,4G,-101.0,Madhya Pradesh,indore,19.18268741556771,77.31173962000129,9000000138
AIRTEL,4G,-85.0,Madhya Pradesh,indore,19.181884959099733,77.31725718166412,9000000167
AIRTEL,4G,-85.0,Madhya Pradesh,indore,19.1865387168112,77.31182905656065,9000000183
AIRTEL,4G,-90.0,Madhya Pradesh,indore,19.18232028724212,77.31679058120228,9000000130
AIRTEL,4G,-85.0,Madhya Pradesh,ujjain,19.17784612387246,77.31845535983159,9000000101
AIRTEL,4G,-78.0,Madhya Pradesh,jabalpur,19.18043735301822,77.31570102450372,9000000197
AIRTEL,4G,-68.0,Madhya Pradesh,gwalior,19.178152221280687,77.3148739624375,9000000187
AIRTEL,4G,-93.0,Madhya Pradesh,bhopal,19.180750825848527,77.31428272854937,9000000085
AIRTEL,4G,-92.0,Madhya Pradesh,ujjain,19.182859449052533,77.3133772920651,9000000008
AIRTEL,4G,-91.0,Madhya Pradesh,indore,19.182107183927933,77.31664467457169,9000000088
AIRTEL,4G,-101.0,Madhya Pradesh,bhopal,19.177287819018336,77.3190592410957,9000000147
AIRTEL,4G,-99.0,Madhya Pradesh,jabalpur,19.181168875785886,77.31763293942018,9000000178
AIRTEL,4G,-82.0,Madhya Pradesh,indore,19.178753282444585,77.31513723406319,9000000182
AIRTEL,4G,-54.0,Madhya Pradesh,indore,19.184306658080477,77.31260170886455,9000000135
AIRTEL,4G,-60.0,Madhya Pradesh,jabalpur,19.179270091006416,77.31483553482511,9000000078
AIRTEL,4G,-70.0,Madhya Pradesh,jabalpur,19.17859742460212,77.3169616783632,9000000022
AIRTEL,4G,-89.0,Madhya Pradesh,jabalpur,19.182025641486945,77.31265773908311,9000000146
AIRTEL,4G,-84.0,Madhya Pradesh,bhopal,19.183643368635174,77.31780388229377,9000000159
AIRTEL,4G,-93.0,Madhya Pradesh,jabalpur,19.179959300452012,77.31386718761114,9000000037
AIRTEL,4G,-90.0,Madhya Pradesh,jabalpur,19.18329941045537,77.31734498122455,9000000064
AIRTEL,4G,-91.0,Madhya Pradesh,bhopal,19.186719647239933,77.31181609545003,9000000195
AIRTEL,4G,-61.0,Madhya Pradesh,bhopal,19.184863130440892,77.31509440064336,9000000193
AIRTEL,4G,-66.0,Madhya Pradesh,gwalior,19.186665275838074,77.32007072361468,9000000142
AIRTEL,4G,-86.0,Madhya Pradesh,ujjain,19.186806830867802,77.31825887969434,9000000155
AIRTEL,4G,-84.0,Madhya Pradesh,indore,19.183351729610152,77.3177429657034,9000000071
AIRTEL,4G,-73.0,Madhya Pradesh,ujjain,19.18394637062852,77.31920421812966,9000000067
AIRTEL,4G,-80.0,Madhya Pradesh,ujjain,19.18455345913216,77.31463801895212,9000000153
AIRTEL,4G,-75.0,Madhya Pradesh,gwalior,19.183483657972182,77.31161725363854,9000000092
AIRTEL,4G,-84.0,Madhya Pradesh,jabalpur,19.178745272933593,77.31795437075547,9000000089
AIRTEL,4G,-87.0,Madhya Pradesh,gwalior,19.18194401189105,77.31269563068857,9000000023
AIRTEL,4G,-90.0,Madhya Pradesh,ujjain,19.185018137295106,77.31251781410744,9000000121
AIRTEL,4G,-71.0,Madhya Pradesh,indore,19.17830308368541,77.3196072973317,9000000195
AIRTEL,4G,-84.0,Madhya Pradesh,indore,19.184355251574534,77.3136765596641,9000000008
AIRTEL,4G,-84.0,Madhya Pradesh,gwalior,19.182978125285786,77.31745866319316,9000000130
AIRTEL,4G,-90.0,Madhya Pradesh,gwalior,19.18224580460749,77.3162726565722,9000000097
AIRTEL,4G,-100.0,Madhya Pradesh,gwalior,19.186044849132735,77.31759353394014,9000000147
AIRTEL,4G,-101.0,Madhya Pradesh,ujjain,19.181490151260814,77.31246939715133,9000000034
AIRTEL,4G,-95.0,Madhya Pradesh,indore,19.18025575651629,77.31543965965908,9000000146
AIRTEL,4G,-82.0,Madhya Pradesh,bhopal,19.183050047216295,77.31122906396651,9000000014
AIRTEL,4G,-79.0,Madhya Pradesh,bhopal,19.17752927769046,77.31684893332124,9000000052
AIRTEL,4G,-80.0,Madhya Pradesh,ujjain,19.186325214299316,77.31212762417957,9000000109
AIRTEL,4G,-87.0,Madhya Pradesh,bhopal,19.181698920558933,77.31362049550438,9000000137
AIRTEL,4G,-93.0,Madhya Pradesh,indore,19.18394915223808,77.31713711253398,9000000012
AIRTEL,4G,-88.0,Madhya Pradesh,gwalior,19.17924997185637,77.31456949161681,9000000189
AIRTEL,4G,-97.0,Madhya Pradesh,jabalpur,19.181726298241934,77.31843622445665,9000000053
AIRTEL,4G,-65.0,Madhya Pradesh,ujjain,19.177292961897454,77.31562002016626,9000000189
AIRTEL,4G,-85.0,Madhya Pradesh,indore,19.177429163484227,77.31630393748918,9000000121
AIRTEL,4G,-86.0,Madhya Pradesh,bhopal,19.18652105270921,77.3127871721803,9000000171
AIRTEL,4G,-84.0,Madhya Pradesh,bhopal,19.183508508872432,77.31427473672812,9000000091
AIRTEL,4G,-72.0,Madhya Pradesh,indore,19.183622679097997,77.31205960035787,9000000062
AIRTEL,4G,-63.0,Madhya Pradesh,indore,19.18058516924153,77.31091135238209,9000000134
AIRTEL,4G,-93.0,Madhya Pradesh,jabalpur,19.17759608338953,77.31285752673679,9000000107
AIRTEL,4G,-108.0,Madhya Pradesh,indore,19.18093939490501,77.31911575745849,9000000060
JIO,4G,-59.0,Bihar,patna,19.180287420442816,77.31909189263635,9000000079
JIO,4G,-59.0,Bihar,patna,19.186208116441183,77.31804054807641,9000000076
AIRTEL,4G,-88.0,Andhra Pradesh,nellore,19.182239489104493,77.32017675485483,9000000085
AIRTEL,4G,-85.0,Andhra Pradesh,nellore,19.17832408035283,77.31859193139228,9000000119
AIRTEL,4G,-88.0,Andhra Pradesh,kurnool,19.18117503388241,77.31391222879114,9000000010
AIRTEL,4G,-85.0,Andhra Pradesh,vijayawada,19.184875068618698,77.31735189216164,9000000113
JIO,4G,-112.0,Maharashtra,pune,19.185048131652323,77.3184582681227,9000000089
JIO,4G,-95.0,Maharashtra,pune,19.17805998842896,77.31584731871554,9000000049
JIO,4G,-95.0,Maharashtra,mumbai,19.1804530168455,77.32047752364282,9000000090
JIO,4G,-76.0,Gujarat,ahmedabad,19.186578465179352,77.31893000468791,9000000086
JIO,4G,-79.0,Gujarat,surat,19.18401004113739,77.32062387144987,9000000122
JIO,4G,-81.0,Gujarat,rajkot,19.183866860817872,77.31614428797452,9000000012
JIO,4G,-64.0,Delhi,delhi,19.182714741224864,77.31581737032047,9000000016
JIO,4G,-64.0,Delhi,delhi,19.17922527155952,77.3131432479166,9000000034
JIO,4G,-98.0,UP,meerut,19.18344919734433,77.31955241804279,9000000038
JIO,4G,-87.0,UP,agra,19.181605654849086,77.31598380116155,9000000135
JIO,4G,-81.0,UP,kanpur,19.18508457969259,77.31663566581415,9000000117
JIO,4G,-96.0,UP,meerut,19.17801305095094,77.31396173800671,9000000171
JIO,4G,-79.0,UP,kanpur,19.183681270223644,77.3187404433906,9000000103
JIO,4G,-87.0,UP,agra,19.18136354168148,77.31495326645701,9000000186
JIO,4G,-95.0,UP,varanasi,19.18153347627636,77.3194522513477,9000000160
AIRTEL,4G,-104.0,Maharashtra,nagpur,19.177629780448253,77.31856688371862,9000000140
AIRTEL,4G,-104.0,Maharashtra,mumbai,19.17775447406991,77.31552430362491,9000000003
JIO,4G,-107.0,Maharashtra,nanded,19.178946271613725,77.31643144621583,9000000189
JIO,4G,-95.0,Maharashtra,nagpur,19.183025926749984,77.31759016727005,9000000147
JIO,4G,-106.0,Maharashtra,pune,19.179328251266696,77.3175639017251,9000000177
JIO,4G,-104.0,Maharashtra,aurangabad,19.18235881927945,77.31316627990844,9000000131
JIO,4G,-102.0,Maharashtra,pune,19.182455047860913,77.31612149397769,9000000139
JIO,4G,-97.0,Maharashtra,aurangabad,19.18285087885418,77.3114125165974,9000000097
JIO,4G,-93.0,Maharashtra,aurangabad,19.184603775546247,77.32003736144776,9000000164
JIO,4G,-84.0,Maharashtra,nagpur,19.18005983803388,77.31268026200699,9000000196
JIO,4G,-102.0,Maharashtra,nanded,19.185468875614266,77.31671122498214,9000000191
JIO,4G,-88.0,Maharashtra,pune,19.178483468378086,77.31668980075166,9000000079
JIO,4G,-73.0,Maharashtra,mumbai,19.177744605688503,77.31204100498191,9000000160
JIO,4G,-88.0,Maharashtra,nanded,19.178661819972678,77.31177206021731,9000000027
JIO,4G,-86.0,Maharashtra,nanded,19.182076073025804,77.31128762181837,9000000198
JIO,4G,-85.0,Maharashtra,mumbai,19.178657255714104,77.3161434452707,9000000173
JIO,4G,-86.0,Maharashtra,aurangabad,19.178511502619113,77.31954059365783,9000000155
JIO,4G,-103.0,Andhra Pradesh,nellore,19.184006224124968,77.31746081772505,9000000100
JIO,4G,-103.0,Andhra Pradesh,nellore,19.17953858746185,77.31994951349726,9000000172
JIO,4G,-64.0,UP,kanpur,19.185482223678534,77.31915429218978,9000000065
JIO,4G,-64.0,UP,agra,19.178504136527604,77.317956797534,9000000046
JIO,4G,-64.0,UP,varanasi,19.180750415734924,77.31765280809671,9000000106
JIO,4G,-64.0,UP,meerut,19.18440054876989,77.31633413468505,9000000078
JIO,4G,-63.0,Delhi,delhi,19.181634098686647,77.31803894938587,9000000019
JIO,4G,-63.0,Delhi,delhi,19.182217034706518,77.3195691974464,9000000006
JIO,4G,-83.0,Rajasthan,jaipur,19.184294993178273,77.31233243728495,9000000133
JIO,4G,-83.0,Rajasthan,bikaner,19.17938848611046,77.3198100085656,9000000148
JIO,4G,-83.0,Rajasthan,ajmer,19.177377742218376,77.31541692111333,9000000073
JIO,4G,-83.0,Rajasthan,ajmer,19.182966937440323,77.3203999032812,9000000142
AIRTEL,4G,-107.0,Madhya Pradesh,ujjain,19.18324215642299,77.31259473336476,9000000104
AIRTEL,4G,-107.0,Madhya Pradesh,bhopal,19.179199028484486,77.31790098846133,9000000156
JIO,4G,-69.0,Delhi,delhi,19.181952987806717,77.32031252848435,9000000125
JIO,4G,-69.0,Delhi,delhi,19.18247116240547,77.31854399214869,9000000042
VODAFONE,4G,-75.0,Karnataka,bengaluru,19.181820564254586,77.31322762561292,9000000067
VODAFONE,4G,-75.0,Karnataka,mysuru,19.179494202722527,77.31617791356732,9000000123
JIO,4G,-61.0,Delhi,delhi,19.181086103898405,77.31159124726986,9000000096
JIO,4G,-66.0,UP,meerut,19.181345744183968,77.31568046831268,9000000085
JIO,4G,-66.0,UP,kanpur,19.179852334467093,77.31198483672723,9000000183
JIO,4G,-65.0,UP,varanasi,19.178058201517707,77.3118227665926,9000000053
JIO,4G,-65.0,UP,lucknow,19.183036439760773,77.31393572798346,9000000070
JIO,4G,-64.0,Delhi,delhi,19.18392178868868,77.31618484658095,9000000018
JIO,4G,-64.0,Delhi,delhi,19.17732201749865,77.31596548758603,9000000175
JIO,4G,-104.0,Andhra Pradesh,nellore,19.178694493765352,77.31183358493094,9000000124
JIO,4G,-104.0,Andhra Pradesh,visakhapatnam,19.180420417658233,77.31870425239714,9000000158
VODAFONE,4G,-100.0,Gujarat,vadodara,19.183787676088773,77.31092311043645,9000000116
VODAFONE,4G,-100.0,Gujarat,ahmedabad,19.17715046586077,77.31949825220136,9000000160
VODAFONE,4G,-102.0,Gujarat,rajkot,19.181808783198665,77.31623331598081,9000000164
VODAFONE,4G,-89.0,Gujarat,vadodara,19.18250573577431,77.31208000661799,9000000196
VODAFONE,4G,-89.0,Gujarat,vadodara,19.17845256592781,77.3115788858982,9000000075
VODAFONE,4G,-107.0,Gujarat,ahmedabad,19.18358959687369,77.3126165720664,9000000028
VODAFONE,4G,-92.0,Gujarat,ahmedabad,19.181097955082336,77.31259994273229,9000000093
VODAFONE,4G,-89.0,Gujarat,rajkot,19.18453631533789,77.31831798978453,9000000015
VODAFONE,4G,-100.0,Gujarat,vadodara,19.180477028882123,77.31736757457227,9000000094
VODAFONE,4G,-100.0,Gujarat,vadodara,19.181419489649922,77.32030944740089,9000000079
VODAFONE,4G,-102.0,Gujarat,ahmedabad,19.179207565556727,77.31635360765182,9000000199
VODAFONE,4G,-89.0,Gujarat,rajkot,19.18217620840173,77.3169875393968,9000000010
VODAFONE,4G,-89.0,Gujarat,surat,19.180267833159984,77.31546284147224,9000000188
VODAFONE,4G,-107.0,Gujarat,bhavnagar,19.17830282860041,77.31736793645926,9000000031
VODAFONE,4G,-92.0,Gujarat,bhavnagar,19.184560650491683,77.31906137202986,9000000146
VODAFONE,4G,-89.0,Gujarat,vadodara,19.18202719026666,77.31528589027545,9000000028
IDEA,4G,-97.0,Kerala,kozhikode,19.18241577450603,77.31294773118927,9000000133
JIO,4G,-65.0,Karnataka,bengaluru,19.182717678294217,77.31233484865706,9000000181
JIO,4G,-65.0,Karnataka,kalaburagi,19.182105686875566,77.32038300153962,9000000150
JIO,4G,-83.0,Rajasthan,kota,19.17972335353463,77.31874997180515,9000000173
JIO,4G,-83.0,Rajasthan,ajmer,19.18119519326444,77.32030745104012,9000000013
JIO,4G,-111.0,Delhi,delhi,19.185872337181227,77.31598072978404,9000000082
JIO,4G,-111.0,Delhi,delhi,19.180349282542032,77.31920958852005,9000000156
JIO,4G,-106.0,Delhi,delhi,19.186976943669137,77.31650222605445,9000000158
JIO,4G,-106.0,Delhi,delhi,19.18226790595036,77.31693573464706,9000000173
JIO,4G,-61.0,Delhi,delhi,19.182371243182768,77.31220439902128,9000000180
JIO,4G,-59.0,Delhi,delhi,19.177536561076003,77.31188806163695,9000000154
JIO,4G,-59.0,Delhi,delhi,19.177695186963845,77.31712771146366,9000000093
JIO,4G,-61.0,Delhi,delhi,19.185911278712407,77.31087868094949,9000000096
JIO,4G,-66.0,Delhi,delhi,19.180958203776267,77.3120252073057,9000000117
JIO,4G,-66.0,Delhi,delhi,19.184290055977687,77.3168644464252,9000000161
JIO,4G,-66.0,Delhi,delhi,19.18040857560289,77.31642929744196,9000000070
JIO,4G,-66.0,Delhi,delhi,19.183330211192448,77.31785982427542,9000000076
AIRTEL,4G,-101.0,Andhra Pradesh,guntur,19.177182247042516,77.3205970616003,9000000140
AIRTEL,4G,-104.0,Andhra Pradesh,nellore,19.18179900489267,77.31743622573208,9000000015
AIRTEL,4G,-95.0,Andhra Pradesh,guntur,19.185322285484823,77.31440814097715,9000000064
AIRTEL,4G,-97.0,Andhra Pradesh,visakhapatnam,19.182282741728308,77.32050072069667,9000000132
AIRTEL,4G,-98.0,Andhra Pradesh,kurnool,19.18391473833258,77.31261697310613,9000000033
AIRTEL,4G,-87.0,Andhra Pradesh,vijayawada,19.17756122211499,77.31715977857087,9000000017
AIRTEL,4G,-104.0,Andhra Pradesh,nellore,19.177873661068205,77.31795370758424,9000000185
AIRTEL,4G,-104.0,Andhra Pradesh,guntur,19.18332962859914,77.31761553259989,9000000139
AIRTEL,4G,-95.0,Andhra Pradesh,kurnool,19.178594437853427,77.31874453899174,9000000047
AIRTEL,4G,-97.0,Andhra Pradesh,visakhapatnam,19.182921491964574,77.31180165117887,9000000121
AIRTEL,4G,-98.0,Andhra Pradesh,nellore,19.177136058175016,77.31324242434229,9000000062
AIRTEL,4G,-87.0,Andhra Pradesh,kurnool,19.181580510923762,77.31581529228063,9000000045
CELLONE,4G,-110.0,Tamil Nadu,salem,19.186065999016886,77.31089598198119,9000000124
CELLONE,4G,-110.0,Tamil Nadu,madurai,19.179077131529837,77.31890415178074,9000000009
JIO,4G,-66.0,Maharashtra,pune,19.177692918644226,77.31776919104735,9000000084
JIO,4G,-66.0,Maharashtra,nanded,19.183038620681472,77.31111669765146,9000000059
JIO,4G,-79.0,Andhra Pradesh,nellore,19.184458823148177,77.31534330449063,9000000104
JIO,4G,-79.0,Andhra Pradesh,guntur,19.186061841077308,77.31789218824076,9000000034
JIO,4G,-75.0,Andhra Pradesh,visakhapatnam,19.179015923467134,77.31108349633578,9000000169
JIO,4G,-75.0,Andhra Pradesh,nellore,19.18572784322076,77.31316041014269,9000000102
JIO,4G,-75.0,Andhra Pradesh,guntur,19.183541717091515,77.31291906734698,9000000080
JIO,4G,-75.0,Andhra Pradesh,visakhapatnam,19.177443914330365,77.31683920628879,9000000024
JIO,4G,-75.0,Andhra Pradesh,vijayawada,19.181168587612685,77.31903715971819,9000000154
JIO,4G,-75.0,Andhra Pradesh,vijayawada,19.18606982108708,77.31794287344061,9000000080
JIO,4G,-75.0,Andhra Pradesh,nellore,19.18329199684635,77.31763697709161,9000000037
JIO,4G,-75.0,Andhra Pradesh,nellore,19.185903292635807,77.31402478900067,9000000069
JIO,4G,-75.0,Andhra Pradesh,kurnool,19.17828934600804,77.31539091385842,9000000199
JIO,4G,-75.0,Andhra Pradesh,kurnool,19.18283579937676,77.31620178690838,9000000021
JIO,4G,-70.0,Andhra Pradesh,kurnool,19.185948157057517,77.31842616134693,9000000076
JIO,4G,-70.0,Andhra Pradesh,kurnool,19.182567541047078,77.31954327008599,9000000144
AIRTEL,4G,-99.0,Himachal Pradesh,nahan,19.18081959684547,77.31871420538678,9000000109
AIRTEL,4G,-83.0,Himachal Pradesh,baddi,19.185848126081122,77.31418412173448,9000000030
JIO,4G,-98.0,Maharashtra,aurangabad,19.182292765469523,77.31986006852226,9000000129
JIO,4G,-110.0,Maharashtra,mumbai,19.18368043209389,77.3132034444893,9000000082
JIO,4G,-110.0,Maharashtra,aurangabad,19.18295131826131,77.31660171541866,9000000074
JIO,4G,-110.0,Maharashtra,pune,19.18210025394064,77.31260241781263,9000000152
JIO,4G,-101.0,Maharashtra,aurangabad,19.185161600590654,77.31157221143306,9000000141
JIO,4G,-108.0,West Bengal,bankura,19.180090747733217,77.31586369151357,9000000100
VODAFONE,4G,-84.0,West Bengal,haora,19.184049748549608,77.32020041907873,9000000064
VODAFONE,4G,-84.0,West Bengal,haora,19.179972202937428,77.3143276418226,9000000117
AIRTEL,4G,-94.0,Punjab,ludhiana,19.186463830562264,77.31915060160372,9000000170
AIRTEL,4G,-94.0,Punjab,amritsar,19.185359114685248,77.3162401183166,9000000177
JIO,4G,-86.0,Andhra Pradesh,vijayawada,19.185865785339786,77.31889537322985,9000000096
IDEA,4G,-98.0,Madhya Pradesh,bhopal,19.179438919484745,77.319769607114,9000000123
IDEA,3G,-99.0,Madhya Pradesh,ujjain,19.178208184073398,77.31649127231981,9000000034
IDEA,4G,-95.0,Madhya Pradesh,indore,19.18562305869245,77.31136072640373,9000000123
AIRTEL,4G,-87.0,Maharashtra,pune,19.183071639949887,77.31181286489287,9000000199
AIRTEL,4G,-93.0,Maharashtra,pune,19.180932551786963,77.32031808050976,9000000046
AIRTEL,4G,-87.0,Maharashtra,nagpur,19.18447214588963,77.3164738281465,9000000070
AIRTEL,4G,-94.0,Maharashtra,nagpur,19.186619749215463,77.31539875256951,9000000083
JIO,4G,-72.0,Orissa,bhubaneswar,19.1816860481508,77.32025272763508,9000000199
JIO,4G,-72.0,Orissa,cuttack,19.184050721645647,77.31805786666091,9000000022
JIO,4G,-63.0,UP,meerut,19.18017706256905,77.31499362444933,9000000075
JIO,4G,-102.0,Punjab,rawalpindi,19.18175459858536,77.32066527023088,9000000038
JIO,4G,-102.0,Punjab,lahore,19.184569452819904,77.3135888225715,9000000159
JIO,4G,-108.0,Punjab,faisalabad,19.178470817291466,77.31096062930519,9000000081
JIO,4G,-92.0,Punjab,rawalpindi,19.18697642464555,77.31244030434848,9000000051
JIO,4G,-91.0,Punjab,amritsar,19.178286543470094,77.32035934674195,9000000123
JIO,4G,-79.0,Punjab,amritsar,19.18453895421996,77.31745735178956,9000000010
JIO,4G,-102.0,Punjab,faisalabad,19.18511880035913,77.31359597397551,9000000029
JIO,4G,-102.0,Punjab,amritsar,19.18344533657949,77.31626528656703,9000000024
JIO,4G,-108.0,Punjab,ludhiana,19.17843383996232,77.31132497363876,9000000183
JIO,4G,-92.0,Punjab,faisalabad,19.185439687729648,77.31265687689559,9000000189
JIO,4G,-91.0,Punjab,amritsar,19.17866502434949,77.31545200944225,9000000200
JIO,4G,-83.0,Punjab,lahore,19.17898531957621,77.32057247928695,9000000155
JIO,4G,-85.0,Delhi,delhi,19.180493032461666,77.31765947043517,9000000194
JIO,4G,-85.0,Delhi,delhi,19.186192667633645,77.32040042482151,9000000028
VODAFONE,4G,-100.0,UP,lucknow,19.17739921945243,77.31198086676594,9000000069
VODAFONE,4G,-108.0,UP,kanpur,19.1853113395654,77.320647319619,9000000162
JIO,4G,-81.0,Gujarat,rajkot,19.17733936401668,77.31309010080612,9000000017
JIO,4G,-81.0,Gujarat,rajkot,19.17830730869982,77.31272262795174,9000000133
JIO,4G,-66.0,Delhi,delhi,19.18091097342018,77.3142695422399,9000000037
JIO,4G,-66.0,Delhi,delhi,19.179175020753817,77.31544212861297,9000000169
VODAFONE,4G,-108.0,Gujarat,bhavnagar,19.183511491184653,77.31289958172951,9000000159
VODAFONE,4G,-108.0,Gujarat,surat,19.185602556439072,77.32018579787132,9000000059
JIO,4G,-78.0,Orissa,rourkela,19.18650870198556,77.31137515200741,9000000115
JIO,4G,-78.0,Orissa,brahmapur,19.181457013893585,77.31859058607165,9000000048
JIO,4G,-78.0,Orissa,puri,19.186948879948627,77.31369605490094,9000000017
JIO,4G,-78.0,Orissa,cuttack,19.178102035337407,77.31133165118294,9000000193
JIO,4G,-78.0,Orissa,bhubaneswar,19.17739769506855,77.31461136856194,9000000010
JIO,4G,-78.0,Orissa,puri,19.18405542480366,77.31413819376463,9000000080
JIO,4G,-78.0,Orissa,bhubaneswar,19.186451007304786,77.31510501786853,9000000023
JIO,4G,-78.0,Orissa,brahmapur,19.17816358361416,77.3108534676582,9000000008
JIO,4G,-74.0,Orissa,rourkela,19.18049378625788,77.31373925416982,9000000058
JIO,4G,-54.0,Punjab,ludhiana,19.180228222786774,77.31315253688778,9000000181
JIO,4G,-54.0,Punjab,amritsar,19.186745240835798,77.31450541403571,9000000114
JIO,4G,-54.0,Punjab,faisalabad,19.177838405341067,77.31528643552733,9000000038
JIO,4G,-54.0,Punjab,amritsar,19.183578201328352,77.31206930873813,9000000007
JIO,4G,-97.0,Madhya Pradesh,bhopal,19.185817306586994,77.31700835635048,9000000025
JIO,4G,-97.0,Madhya Pradesh,ujjain,19.177953426584423,77.31210398748857,9000000023
JIO,4G,-90.0,Madhya Pradesh,ujjain,19.17954050979901,77.31316444064586,9000000003
JIO,4G,-96.0,Madhya Pradesh,gwalior,19.184624564309964,77.31511136704809,9000000185
JIO,4G,-95.0,Madhya Pradesh,indore,19.177205988111275,77.3150384409948,9000000053
JIO,4G,-101.0,Madhya Pradesh,bhopal,19.17910823339709,77.31144656805176,9000000170
JIO,4G,-96.0,Madhya Pradesh,ujjain,19.177136265416177,77.31536691741191,9000000173
JIO,4G,-99.0,Madhya Pradesh,bhopal,19.177998389905454,77.31107318331745,9000000056
JIO,4G,-101.0,Madhya Pradesh,ujjain,19.185422802350033,77.31530854577645,9000000182
JIO,4G,-96.0,Madhya Pradesh,bhopal,19.18628530369302,77.31436669017593,9000000130
JIO,4G,-96.0,Madhya Pradesh,gwalior,19.18216923393862,77.31541194092347,9000000124
JIO,4G,-99.0,Madhya Pradesh,gwalior,19.183976926247844,77.3205007091815,9000000044
JIO,4G,-97.0,Madhya Pradesh,jabalpur,19.183638339039746,77.31559101554578,9000000027
JIO,4G,-97.0,Madhya Pradesh,bhopal,19.180592381598867,77.31241154104184,9000000138
JIO,4G,-88.0,Madhya Pradesh,bhopal,19.178488061331006,77.3122563340353,9000000101
JIO,4G,-96.0,Madhya Pradesh,jabalpur,19.18416470631481,77.31880640799149,9000000019
JIO,4G,-95.0,Madhya Pradesh,bhopal,19.180750084956077,77.31463035976937,9000000049
JIO,4G,-101.0,Madhya Pradesh,gwalior,19.181393127522945,77.31381213857559,9000000081
JIO,4G,-96.0,Madhya Pradesh,indore,19.178726288767137,77.31400913070459,9000000165
JIO,4G,-99.0,Madhya Pradesh,ujjain,19.18610053201452,77.31984002901483,9000000126
JIO,4G,-101.0,Madhya Pradesh,gwalior,19.18291359294914,77.31592396335584,9000000175
JIO,4G,-96.0,Madhya Pradesh,bhopal,19.178719740011502,77.31667482414538,9000000174
JIO,4G,-96.0,Madhya Pradesh,ujjain,19.181862235482125,77.31995751225182,9000000103
JIO,4G,-99.0,Madhya Pradesh,jabalpur,19.182800960890837,77.31414344302196,9000000062
JIO,4G,-74.0,Delhi,delhi,19.185299052540547,77.3114871956478,9000000091
JIO,4G,-74.0,Delhi,delhi,19.17785735300359,77.32047702984586,9000000185
JIO,4G,-96.0,Tamil Nadu,coimbatore,19.18640593677661,77.31306481473861,9000000129
JIO,4G,-59.0,UP,lucknow,19.18554883996557,77.3193066154432,9000000177
AIRTEL,4G,-90.0,Maharashtra,mumbai,19.17733463071875,77.31085330173384,9000000097
AIRTEL,4G,-90.0,Maharashtra,mumbai,19.181002402738162,77.3145206549507,9000000001
JIO,4G,-78.0,Orissa,cuttack,19.185131840052932,77.32048701583389,9000000005
JIO,4G,-78.0,Orissa,cuttack,19.183179504936927,77.31375233790541,9000000153
IDEA,4G,-89.0,Maharashtra,nanded,19.179449352616853,77.31590993310158,9000000150
IDEA,4G,-90.0,Maharashtra,nanded,19.183079910471374,77.3123377576835,9000000059
IDEA,4G,-89.0,Maharashtra,nanded,19.182628139186075,77.31776371801863,9000000009
IDEA,4G,-90.0,Maharashtra,mumbai,19.180606777852226,77.31852150313983,9000000167
JIO,4G,-64.0,Kerala,thrissur,19.180737844324966,77.31731613559076,9000000000
JIO,4G,-64.0,Kerala,kollam,19.183947099065676,77.3204797400229,9000000021
AIRTEL,4G,-98.0,Punjab,lahore,19.18216264722004,77.31669079794439,9000000114
AIRTEL,4G,-104.0,Punjab,lahore,19.185592617617296,77.3176431131697,9000000041
AIRTEL,4G,-105.0,Punjab,faisalabad,19.18535824167528,77.31545433250406,9000000131
AIRTEL,4G,-104.0,Punjab,rawalpindi,19.186374581206934,77.31162709802905,9000000145
AIRTEL,4G,-100.0,Punjab,amritsar,19.183157395330216,77.31101115705755,9000000008
AIRTEL,4G,-101.0,Punjab,faisalabad,19.181621791662298,77.3162467821456,9000000070
AIRTEL,4G,-106.0,Punjab,ludhiana,19.179195867449344,77.31554819398023,9000000143
AIRTEL,4G,-102.0,Punjab,ludhiana,19.18397782877442,77.31808653822173,9000000026
AIRTEL,4G,-102.0,Punjab,amritsar,19.177772209578,77.3159575559612,9000000116
AIRTEL,4G,-108.0,Punjab,ludhiana,19.178562366833308,77.31321993320327,9000000189
AIRTEL,4G,-102.0,Punjab,amritsar,19.181967044715904,77.31849851237133,9000000047
AIRTEL,4G,-105.0,Punjab,rawalpindi,19.18225029626645,77.31533477764714,9000000196
AIRTEL,4G,-109.0,Punjab,lahore,19.183565260905578,77.32016542369341,9000000141
AIRTEL,4G,-111.0,Maharashtra,mumbai,19.179543703128463,77.32020026066927,9000000017
AIRTEL,4G,-111.0,Maharashtra,nagpur,19.183563530198715,77.31765012208847,9000000004
IDEA,4G,-79.0,Andhra Pradesh,vijayawada,19.18540941384583,77.31937554445955,9000000041
IDEA,4G,-78.0,Andhra Pradesh,vijayawada,19.180147862155195,77.31296364730984,9000000114
VODAFONE,4G,-95.0,Gujarat,surat,19.183983872949188,77.31941532497986,9000000121
VODAFONE,4G,-95.0,Gujarat,rajkot,19.17763459154124,77.31872561996059,9000000043
IDEA,4G,-106.0,Maharashtra,mumbai,19.177815566160586,77.31185331146283,9000000096
IDEA,4G,-99.0,Maharashtra,pune,19.182407083497807,77.31550805450216,9000000092
JIO,4G,-106.0,UP,lucknow,19.180444067865885,77.31984798065312,9000000157
JIO,4G,-82.0,UP,kanpur,19.18691085773769,77.31138754843596,9000000001
JIO,4G,-97.0,UP,kanpur,19.181172405786914,77.31539505093532,9000000050
JIO,4G,-106.0,UP,lucknow,19.17767839918932,77.31566607463509,9000000039
JIO,4G,-96.0,UP,lucknow,19.179845817605926,77.31462072676428,9000000048
JIO,4G,-96.0,UP,agra,19.177944600355637,77.32017943802072,9000000162
JIO,4G,-58.0,Karnataka,mangaluru,19.18270876916923,77.31521679899815,9000000182
JIO,4G,-58.0,Karnataka,mysuru,19.186919880577726,77.31318494692725,9000000137
JIO,4G,-57.0,Karnataka,kalaburagi,19.178989599821996,77.31509341350899,9000000000
JIO,4G,-58.0,Karnataka,hubli-dharwad,19.17872803016259,77.31436968815522,9000000178
JIO,4G,-58.0,Karnataka,mangaluru,19.18342152745158,77.3178421122087,9000000089
JIO,4G,-58.0,Karnataka,mysuru,19.177112014105436,77.31999456704997,9000000026
JIO,4G,-58.0,Karnataka,mangaluru,19.17934218388357,77.3180498883968,9000000008
JIO,4G,-57.0,Karnataka,mangaluru,19.18666185133605,77.31658642748212,9000000047
JIO,4G,-58.0,Karnataka,mangaluru,19.178462283343933,77.3187467511287,9000000145
JIO,4G,-58.0,Karnataka,hubli-dharwad,19.18633252050384,77.31611286929748,9000000180
JIO,4G,-62.0,UP,varanasi,19.185678751467652,77.31400105560255,9000000002
JIO,4G,-62.0,UP,meerut,19.178868501443702,77.31589470189228,9000000095
JIO,4G,-82.0,UP,meerut,19.18662522617091,77.31211837389955,9000000107
JIO,4G,-82.0,UP,lucknow,19.177208500766145,77.31864146600608,9000000086
JIO,4G,-79.0,Andhra Pradesh,kurnool,19.180288958216426,77.32001421119385,9000000048
JIO,4G,-79.0,Madhya Pradesh,ujjain,19.179869081391747,77.3171370699811,9000000189
JIO,4G,-79.0,Madhya Pradesh,ujjain,19.18246169428196,77.31617534443464,9000000112
JIO,4G,-79.0,West Bengal,bankura,19.180427051148037,77.31112758066031,9000000076
JIO,4G,-69.0,Delhi,delhi,19.17894882897353,77.31437038467057,9000000152
JIO,4G,-71.0,Delhi,delhi,19.186331950151168,77.31523619471129,9000000024
JIO,4G,-72.0,Delhi,delhi,19.182322159243878,77.3178971069948,9000000118
JIO,4G,-80.0,Gujarat,vadodara,19.179459896027765,77.3178131650854,9000000048
JIO,4G,-80.0,Gujarat,ahmedabad,19.18022968439652,77.31236319517333,9000000066
JIO,4G,-93.0,Andhra Pradesh,guntur,19.178764415943245,77.31794392350096,9000000095
JIO,4G,-93.0,Andhra Pradesh,kurnool,19.18252922128537,77.31182871100712,9000000014
JIO,4G,-94.0,Andhra Pradesh,vijayawada,19.186614252343805,77.31473094196612,9000000150
JIO,4G,-93.0,Andhra Pradesh,kurnool,19.179765145106682,77.31721178588444,9000000011
JIO,4G,-94.0,Andhra Pradesh,vijayawada,19.181565539373306,77.31855587585619,9000000051
JIO,4G,-94.0,Andhra Pradesh,vijayawada,19.17716826547083,77.31689647925248,9000000181
JIO,4G,-68.0,Delhi,delhi,19.178976305183586,77.3161808862553,9000000173
JIO,4G,-70.0,Delhi,delhi,19.180420297622124,77.31162645672164,9000000102
VODAFONE,4G,-86.0,Delhi,delhi,19.178778987270178,77.31622370750607,9000000188
VODAFONE,4G,-84.0,Delhi,delhi,19.186907997025653,77.31543968580486,9000000199
VODAFONE,4G,-77.0,Delhi,delhi,19.17817482020423,77.31171616091574,9000000161
JIO,4G,-79.0,Andhra Pradesh,nellore,19.178043371844765,77.31286559187275,9000000064
JIO,4G,-79.0,Andhra Pradesh,visakhapatnam,19.185253819726192,77.31227531935464,9000000129
IDEA,4G,-94.0,Maharashtra,mumbai,19.17919338392723,77.3175798804172,9000000122
IDEA,4G,-89.0,Maharashtra,aurangabad,19.184569834901946,77.31562119701742,9000000040
IDEA,4G,-94.0,Maharashtra,nagpur,19.18388951371366,77.31426981172694,9000000071
IDEA,4G,-89.0,Maharashtra,pune,19.177440545301828,77.31346434336166,9000000132
JIO,4G,-64.0,Maharashtra,nagpur,19.18000508532936,77.31579320631295,9000000088
JIO,4G,-64.0,Maharashtra,aurangabad,19.18071776314686,77.32062687386953,9000000184
JIO,4G,-91.0,UP,varanasi,19.177248114906693,77.31833353733151,9000000137
JIO,4G,-111.0,UP,meerut,19.18538733198572,77.31654723601939,9000000055
JIO,4G,-91.0,UP,lucknow,19.177438671780905,77.31070855392277,9000000188
JIO,4G,-100.0,UP,kanpur,19.18688916373613,77.3116935757973,9000000032
JIO,4G,-88.0,Rajasthan,jaipur,19.179538483304466,77.31261996745313,9000000157
JIO,4G,-88.0,Rajasthan,jaipur,19.180419602680995,77.31187859946075,9000000196
JIO,4G,-77.0,Andhra Pradesh,guntur,19.177994275420215,77.31403421610072,9000000102
JIO,4G,-79.0,Andhra Pradesh,visakhapatnam,19.181279187629443,77.3192428753463,9000000103
JIO,4G,-79.0,Andhra Pradesh,nellore,19.185760009955715,77.31844654779367,9000000131
JIO,4G,-79.0,Andhra Pradesh,guntur,19.182146742344344,77.31266394407513,9000000097
JIO,4G,-79.0,Andhra Pradesh,vijayawada,19.184721710310637,77.32062119329038,9000000196
JIO,4G,-77.0,Andhra Pradesh,kurnool,19.178977771736246,77.31594407923811,9000000132
JIO,4G,-79.0,Andhra Pradesh,nellore,19.178744775532415,77.3136884766885,9000000170
JIO,4G,-79.0,Andhra Pradesh,nellore,19.17723460464689,77.31171388488887,9000000181
JIO,4G,-79.0,Andhra Pradesh,visakhapatnam,19.186077006028146,77.31201170884384,9000000004
JIO,4G,-79.0,Andhra Pradesh,vijayawada,19.18064602437846,77.31516430740308,9000000112
AIRTEL,4G,-110.0,West Bengal,nadia,19.179420937579415,77.32065269825769,9000000084
AIRTEL,4G,-92.0,West Bengal,bankura,19.18353785276509,77.31411710645136,9000000190
AIRTEL,4G,-80.0,West Bengal,kolkata,19.186272567778165,77.31138345446985,9000000146
AIRTEL,4G,-60.0,West Bengal,haora,19.18592870205422,77.31306128126545,9000000076
AIRTEL,4G,-109.0,West Bengal,haora,19.179163659594472,77.31751971398643,9000000068
AIRTEL,4G,-94.0,West Bengal,bankura,19.181742911119876,77.31325534572396,9000000144
AIRTEL,4G,-105.0,West Bengal,bankura,19.186579711851067,77.31285826329638,9000000164
AIRTEL,4G,-102.0,West Bengal,bankura,19.178655862902858,77.31578170924163,9000000200
AIRTEL,4G,-77.0,West Bengal,kolkata,19.17996139588108,77.31892067205871,9000000160
AIRTEL,4G,-110.0,West Bengal,hugli,19.18445975317029,77.31072874898516,9000000107
AIRTEL,4G,-92.0,West Bengal,kolkata,19.17981405707222,77.31829559609581,9000000068
AIRTEL,4G,-80.0,West Bengal,nadia,19.178209632728453,77.31281795764954,9000000176
AIRTEL,4G,-60.0,West Bengal,nadia,19.182398311405727,77.31605310205278,9000000116
AIRTEL,4G,-110.0,West Bengal,nadia,19.18464598152903,77.31470404855988,9000000164
AIRTEL,4G,-95.0,West Bengal,nadia,19.184450330681948,77.32058624593219,9000000084
AIRTEL,4G,-105.0,West Bengal,haora,19.18481060792015,77.31227210241146,9000000090
AIRTEL,4G,-101.0,West Bengal,haora,19.179232535191016,77.31073635870662,9000000190
AIRTEL,4G,-81.0,West Bengal,nadia,19.184100382645845,77.32058656814141,9000000110
JIO,4G,-106.0,Tamil Nadu,madurai,19.18697690766665,77.31603549312733,9000000100
JIO,4G,-106.0,Tamil Nadu,Chennai,19.184502768273394,77.3150939530016,9000000160
JIO,4G,-101.0,Tamil Nadu,madurai,19.18370844978983,77.31240307988149,9000000051
JIO,4G,-98.0,Tamil Nadu,tiruppur,19.180579273725897,77.32030567743607,9000000122
JIO,4G,-95.0,Tamil Nadu,salem,19.18032891841596,77.31885888439855,9000000007
JIO,4G,-102.0,Tamil Nadu,salem,19.17715197063999,77.3174267491394,9000000031
JIO,4G,-97.0,Tamil Nadu,salem,19.177329722669192,77.316931993046,9000000081
JIO,4G,-104.0,Tamil Nadu,madurai,19.186898568359737,77.3107442386321,9000000112
JIO,4G,-90.0,Tamil Nadu,madurai,19.18573876667245,77.31156066759613,9000000052
JIO,4G,-99.0,Tamil Nadu,Chennai,19.186928004411637,77.3205670963395,9000000071
JIO,4G,-101.0,Tamil Nadu,salem,19.186362880281788,77.31549980362834,9000000113
JIO,4G,-93.0,Tamil Nadu,Chennai,19.17964579688708,77.31099269006953,9000000055
JIO,4G,-106.0,Tamil Nadu,salem,19.186899940535238,77.31961112481272,9000000080
JIO,4G,-108.0,Tamil Nadu,coimbatore,19.180523435174013,77.31845257536152,9000000046
JIO,4G,-101.0,Tamil Nadu,salem,19.180716175077347,77.31535344313747,9000000164
JIO,4G,-98.0,Tamil Nadu,madurai,19.18545296990739,77.32055617348594,9000000038
JIO,4G,-97.0,Tamil Nadu,tiruppur,19.18447011584872,77.31620692945172,9000000042
JIO,4G,-102.0,Tamil Nadu,salem,19.183336425597908,77.31735179754482,9000000013
JIO,4G,-97.0,Tamil Nadu,salem,19.178677514622333,77.31882504052159,9000000157
JIO,4G,-104.0,Tamil Nadu,coimbatore,19.178332156297685,77.31346108799423,9000000011
JIO,4G,-91.0,Tamil Nadu,salem,19.182503920832488,77.31143448770936,9000000186
JIO,4G,-99.0,Tamil Nadu,tiruppur,19.182172594741925,77.31677075577663,9000000144
JIO,4G,-101.0,Tamil Nadu,coimbatore,19.177817087657022,77.31880255898061,9000000182
JIO,4G,-93.0,Tamil Nadu,coimbatore,19.182046367615033,77.31667429445596,9000000130
JIO,4G,-108.0,Madhya Pradesh,gwalior,19.186685777879127,77.31146403442551,9000000133
JIO,4G,-110.0,Madhya Pradesh,indore,19.186630600269133,77.31680593360569,9000000189
JIO,4G,-106.0,Andhra Pradesh,visakhapatnam,19.18689676880143,77.32015129227456,9000000099
JIO,4G,-107.0,Andhra Pradesh,kurnool,19.177305082320547,77.31880466566477,9000000197
IDEA,4G,-95.0,Andhra Pradesh,kurnool,19.179599853518766,77.31526645520474,9000000150
IDEA,4G,-97.0,Andhra Pradesh,vijayawada,19.17934216042929,77.31291814473434,9000000142
IDEA,3G,-107.0,Andhra Pradesh,guntur,19.18497412808595,77.31179026341901,9000000081
IDEA,4G,-85.0,Andhra Pradesh,kurnool,19.179440867297853,77.3181626128427,9000000139
IDEA,4G,-86.0,Andhra Pradesh,kurnool,19.18041373815158,77.31106553729397,9000000143
IDEA,4G,-88.0,Andhra Pradesh,nellore,19.178692591776365,77.31086625881305,9000000151
IDEA,4G,-107.0,UP,meerut,19.180492646874253,77.31746243002439,9000000080
IDEA,4G,-108.0,UP,agra,19.186831198400146,77.31348050466872,9000000168
IDEA,4G,-107.0,UP,agra,19.186832635607008,77.31960578361596,9000000131
IDEA,4G,-109.0,UP,agra,19.1846930896086,77.31393752851814,9000000080
IDEA,4G,-106.0,UP,varanasi,19.178462628439807,77.31650703886719,9000000116
IDEA,4G,-109.0,UP,lucknow,19.177902693399517,77.31929709199801,9000000145
IDEA,4G,-108.0,UP,varanasi,19.177526934634713,77.31342035865643,9000000116
IDEA,4G,-109.0,UP,varanasi,19.181907345639843,77.31355869150197,9000000141
IDEA,4G,-107.0,UP,varanasi,19.178021320694672,77.31489612296028,9000000128
IDEA,4G,-108.0,UP,agra,19.17878210537605,77.31961784801824,9000000038
IDEA,4G,-108.0,UP,kanpur,19.17810834183161,77.3137194824087,9000000061
IDEA,4G,-109.0,UP,agra,19.185957060607,77.31617517032055,9000000126
IDEA,4G,-107.0,UP,kanpur,19.185113201182915,77.3163876093118,9000000158
IDEA,4G,-109.0,UP,varanasi,19.180353122529983,77.3121490785565,9000000049
IDEA,4G,-108.0,UP,lucknow,19.183066282578974,77.31902809964205,9000000084
IDEA,4G,-109.0,UP,agra,19.179620596004227,77.32038480475956,9000000000
JIO,4G,-107.0,Andhra Pradesh,vijayawada,19.182600218552338,77.31400055208921,9000000026
JIO,4G,-87.0,Andhra Pradesh,vijayawada,19.177822390139198,77.32018962106392,9000000083
JIO,4G,-110.0,Andhra Pradesh,kurnool,19.18548043911497,77.31255576268941,9000000036
JIO,4G,-87.0,Andhra Pradesh,nellore,19.18106061780007,77.31286622783959,9000000169
AIRTEL,4G,-104.0,Karnataka,mysuru,19.178671925678326,77.31332450327709,9000000051
AIRTEL,4G,-108.0,Karnataka,kalaburagi,19.179982047569233,77.32003555657708,9000000154
AIRTEL,4G,-104.0,Karnataka,mangaluru,19.18318973280148,77.31286092085999,9000000181
AIRTEL,4G,-108.0,Karnataka,hubli-dharwad,19.185518974373604,77.3205560894133,9000000049
IDEA,4G,-92.0,Kerala,trivandrum,19.181123964275265,77.31133394443006,9000000051
IDEA,4G,-75.0,Kerala,thrissur,19.17748372305696,77.31751294479974,9000000096
IDEA,4G,-92.0,Kerala,kochi,19.178789006631032,77.32047252705216,9000000162
IDEA,4G,-74.0,Kerala,kozhikode,19.17741003698249,77.3196172106407,9000000016
AIRTEL,4G,-109.0,Andhra Pradesh,guntur,19.18094889716715,77.31323058010243,9000000037
AIRTEL,4G,-110.0,Andhra Pradesh,guntur,19.184031203339533,77.31589973537244,9000000020
AIRTEL,4G,-110.0,Andhra Pradesh,nellore,19.180376430697752,77.31695982783937,9000000004
AIRTEL,4G,-94.0,Andhra Pradesh,kurnool,19.178226659465533,77.31855285788937,9000000005
AIRTEL,4G,-110.0,Andhra Pradesh,guntur,19.181419793464308,77.32025211323969,9000000004
AIRTEL,4G,-111.0,Andhra Pradesh,kurnool,19.17969116405824,77.31531608316642,9000000134
AIRTEL,4G,-111.0,Andhra Pradesh,visakhapatnam,19.177624884053213,77.31426251199387,9000000131
AIRTEL,4G,-94.0,Andhra Pradesh,nellore,19.178184268906644,77.31841666978977,9000000112
AIRTEL,4G,-94.0,Maharashtra,pune,19.186498981429494,77.31691860322165,9000000028
AIRTEL,4G,-87.0,Maharashtra,aurangabad,19.18526909998697,77.31876620208853,9000000181
AIRTEL,4G,-87.0,Maharashtra,nagpur,19.181671471166133,77.31437893200831,9000000157
AIRTEL,4G,-86.0,Maharashtra,nagpur,19.183119151130537,77.31154328097537,9000000090
AIRTEL,4G,-106.0,Maharashtra,nagpur,19.17854544331281,77.31421933577622,9000000069
AIRTEL,4G,-94.0,Maharashtra,pune,19.179844717563178,77.31365822334544,9000000021
AIRTEL,4G,-88.0,Maharashtra,mumbai,19.18014298420211,77.31133601485638,9000000165
AIRTEL,4G,-100.0,Maharashtra,nagpur,19.183607437691634,77.31071761941848,9000000138
AIRTEL,4G,-90.0,Maharashtra,nagpur,19.183099493304585,77.31692678610638,9000000060
AIRTEL,4G,-106.0,Maharashtra,nagpur,19.181725217676565,77.31779849123184,9000000001
JIO,4G,-104.0,Delhi,delhi,19.183403177611808,77.31987250531509,9000000010
JIO,4G,-108.0,Delhi,delhi,19.18392731360992,77.31269860562476,9000000148
JIO,4G,-110.0,Delhi,delhi,19.178629530729943,77.31628252376845,9000000168
JIO,4G,-110.0,Delhi,delhi,19.18494246808618,77.31572439322309,9000000073
JIO,4G,-108.0,Delhi,delhi,19.181924447708575,77.31287417338554,9000000100
JIO,4G,-104.0,Delhi,delhi,19.184456313532923,77.31539525009556,9000000115
JIO,4G,-109.0,Delhi,delhi,19.18318462112369,77.31275787209583,9000000124
JIO,4G,-110.0,Delhi,delhi,19.178335679868148,77.31807673324644,9000000041
JIO,4G,-108.0,Delhi,delhi,19.182862795338227,77.3135997311813,9000000023
JIO,4G,-109.0,Delhi,delhi,19.17982276691484,77.31624143192052,9000000192
JIO,4G,-54.0,Tamil Nadu,tiruppur,19.18696113417888,77.31154587014541,9000000022
JIO,4G,-54.0,Tamil Nadu,Chennai,19.180537468045088,77.31950393613566,9000000111
JIO,4G,-54.0,Tamil Nadu,coimbatore,19.180443934141945,77.31886158572098,9000000193
JIO,4G,-55.0,Tamil Nadu,tiruppur,19.186322553431047,77.32066552052102,9000000173
JIO,4G,-54.0,Tamil Nadu,tiruppur,19.178233896565253,77.31825369562077,9000000004
JIO,4G,-54.0,Tamil Nadu,Chennai,19.180592495890025,77.31800613963762,9000000058
JIO,4G,-54.0,Tamil Nadu,Chennai,19.183958334491447,77.31319994631265,9000000150
JIO,4G,-55.0,Tamil Nadu,tiruppur,19.17767563465782,77.3131715645047,9000000000
JIO,4G,-84.0,Gujarat,surat,19.187063793348308,77.31171034045896,9000000009
JIO,4G,-84.0,Gujarat,surat,19.18152794987124,77.3174907015848,9000000061
JIO,4G,-105.0,Andhra Pradesh,visakhapatnam,19.179882688196713,77.31644611333061,9000000103
JIO,4G,-97.0,Andhra Pradesh,kurnool,19.182329483684846,77.31783343694879,9000000171
JIO,4G,-108.0,Andhra Pradesh,vijayawada,19.184415773108427,77.31837282558426,9000000096
JIO,4G,-104.0,Andhra Pradesh,guntur,19.18305136547271,77.31765301721613,9000000199
JIO,4G,-95.0,Andhra Pradesh,guntur,19.181881852085983,77.31172875338784,9000000140
JIO,4G,-71.0,Andhra Pradesh,visakhapatnam,19.18692699180425,77.31694477884767,9000000057
JIO,4G,-105.0,Andhra Pradesh,vijayawada,19.182354765613862,77.31505910651019,9000000001
JIO,4G,-97.0,Andhra Pradesh,kurnool,19.18706552691024,77.31351791592647,9000000149
JIO,4G,-108.0,Andhra Pradesh,visakhapatnam,19.18197640114128,77.31596825182663,9000000115
JIO,4G,-104.0,Andhra Pradesh,nellore,19.185960088344817,77.31739376130886,9000000092
JIO,4G,-95.0,Andhra Pradesh,guntur,19.18359460736188,77.31780106746672,9000000055
JIO,4G,-71.0,Andhra Pradesh,guntur,19.185522514500036,77.31809222373583,9000000031
AIRTEL,4G,-97.0,Andhra Pradesh,guntur,19.179915329476568,77.31321692229005,9000000078
AIRTEL,4G,-97.0,Andhra Pradesh,nellore,19.17969413093618,77.31961963128204,9000000012
AIRTEL,4G,-100.0,Haryana,ambala,19.182036540771982,77.31900815386116,9000000179
AIRTEL,4G,-103.0,Haryana,panipat,19.180661067114183,77.31346308635008,9000000157
AIRTEL,4G,-101.0,Haryana,yamunanagar,19.182987161938808,77.31257585850035,9000000089
AIRTEL,4G,-101.0,Haryana,ambala,19.17914139577994,77.31146635975591,9000000061
AIRTEL,4G,-93.0,UP,agra,19.18439261220522,77.31426585535297,9000000117
AIRTEL,4G,-93.0,UP,lucknow,19.1796499053653,77.31553234731473,9000000198
AIRTEL,4G,-91.0,UP,varanasi,19.1847105315623,77.31145837953154,9000000066
AIRTEL,4G,-83.0,UP,kanpur,19.18603531710134,77.31553471092893,9000000134
AIRTEL,4G,-82.0,UP,varanasi,19.18473230205269,77.3161740044404,9000000115
AIRTEL,4G,-89.0,UP,agra,19.18486416103098,77.3198287937123,9000000047
AIRTEL,4G,-88.0,UP,varanasi,19.17771959358593,77.31108712172609,9000000077
AIRTEL,4G,-82.0,UP,lucknow,19.18372148031564,77.31772925389897,9000000103
JIO,4G,-84.0,Rajasthan,bikaner,19.186358462038157,77.31174782195453,9000000139
JIO,4G,-84.0,Rajasthan,jaipur,19.177598464855322,77.31996608258441,9000000058
JIO,4G,-67.0,Andhra Pradesh,kurnool,19.180871901058904,77.31617820162853,9000000105
JIO,4G,-67.0,Andhra Pradesh,visakhapatnam,19.1771838727381,77.3141083516035,9000000173
JIO,4G,-89.0,Andhra Pradesh,vijayawada,19.177675650454848,77.310699842897,9000000082
JIO,4G,-88.0,Andhra Pradesh,kurnool,19.181523249646467,77.31429643478855,9000000197
JIO,4G,-78.0,Orissa,puri,19.178687548414707,77.31788520756899,9000000067
JIO,4G,-78.0,Orissa,bhubaneswar,19.1783707360467,77.31718615811873,9000000177
JIO,4G,-76.0,UP,kanpur,19.18429703827665,77.31596648163561,9000000145
JIO,4G,-64.0,Maharashtra,nagpur,19.17902387425588,77.3199161756251,9000000093
JIO,4G,-64.0,Maharashtra,aurangabad,19.181357653391842,77.32009243891703,9000000123
JIO,4G,-64.0,Maharashtra,nanded,19.179554554903753,77.31966762414868,9000000064
JIO,4G,-64.0,Maharashtra,aurangabad,19.184764766986167,77.31478931021677,9000000024
JIO,4G,-68.0,UP,kanpur,19.182939287732122,77.31946290597047,9000000147
VODAFONE,4G,-91.0,UP,meerut,19.186589641248,77.31843010139927,9000000064
VODAFONE,4G,-109.0,UP,agra,19.18687292950992,77.31376291786142,9000000095
VODAFONE,4G,-109.0,UP,agra,19.177746927977687,77.3153989541929,9000000192
VODAFONE,4G,-93.0,UP,agra,19.184231575313746,77.31374679675281,9000000190
VODAFONE,4G,-80.0,UP,varanasi,19.180424337177612,77.31094070256391,9000000056
VODAFONE,3G,-73.0,UP,agra,19.18162128881379,77.31228832876972,9000000151
VODAFONE,4G,-94.0,UP,varanasi,19.1788187267958,77.31410737578976,9000000053
VODAFONE,4G,-95.0,UP,varanasi,19.18169424744665,77.31768030326316,9000000006
VODAFONE,4G,-88.0,UP,meerut,19.183285849681344,77.31968668064465,9000000131
VODAFONE,4G,-94.0,UP,varanasi,19.18610154208101,77.31491001633647,9000000031
VODAFONE,4G,-108.0,UP,agra,19.185420501108297,77.3189874596909,9000000092
VODAFONE,4G,-94.0,UP,kanpur,19.17831678301553,77.31924300938795,9000000077
VODAFONE,4G,-79.0,UP,lucknow,19.18323396743672,77.31776099528871,9000000181
VODAFONE,3G,-73.0,UP,kanpur,19.184168173694975,77.31579841998517,9000000064
VODAFONE,4G,-86.0,UP,kanpur,19.183128091374122,77.31478612036182,9000000191
VODAFONE,4G,-95.0,UP,varanasi,19.186753107300422,77.31657335699586,9000000030
VODAFONE,4G,-86.0,UP,agra,19.178125910655318,77.3166466130518,9000000131
AIRTEL,4G,-103.0,Bihar,purnia,19.182683975233328,77.31576758027617,9000000175
AIRTEL,4G,-91.0,Punjab,amritsar,19.1845643207842,77.31223324534737,9000000117
AIRTEL,4G,-97.0,Punjab,amritsar,19.17832994590928,77.31293309638698,9000000004
AIRTEL,4G,-101.0,Punjab,faisalabad,19.186450707726426,77.31619062100009,9000000049
AIRTEL,4G,-105.0,Punjab,faisalabad,19.179449279091827,77.31116678726093,9000000006
AIRTEL,4G,-93.0,Punjab,rawalpindi,19.183134577622734,77.31114558892695,9000000141
AIRTEL,4G,-79.0,Punjab,ludhiana,19.184353716643013,77.31296762524346,9000000026
AIRTEL,4G,-108.0,Punjab,amritsar,19.185089985772024,77.31811301114638,9000000091
AIRTEL,4G,-101.0,Punjab,amritsar,19.182905220203036,77.318665697805,9000000119
AIRTEL,4G,-97.0,Punjab,rawalpindi,19.185891710484565,77.31384984313337,9000000045
AIRTEL,4G,-98.0,Punjab,ludhiana,19.181378537095377,77.31307347004166,9000000082
AIRTEL,4G,-91.0,Punjab,faisalabad,19.17897570361824,77.3131069672188,9000000059
AIRTEL,4G,-91.0,Punjab,lahore,19.181219176712908,77.31834675653076,9000000068
AIRTEL,4G,-97.0,Punjab,ludhiana,19.18279460288739,77.3201391514006,9000000191
AIRTEL,4G,-101.0,Punjab,ludhiana,19.18504592946864,77.31078780408544,9000000007
AIRTEL,4G,-105.0,Punjab,amritsar,19.17789902454916,77.31802401906347,9000000036
AIRTEL,4G,-92.0,Punjab,amritsar,19.183917022313803,77.31319649772466,9000000172
AIRTEL,4G,-79.0,Punjab,amritsar,19.178602756020407,77.31629500120883,9000000163
AIRTEL,4G,-108.0,Punjab,lahore,19.186630015050625,77.31136130948205,9000000063
AIRTEL,4G,-101.0,Punjab,faisalabad,19.183686098612853,77.31877510126449,9000000158
AIRTEL,4G,-97.0,Punjab,lahore,19.182608140660072,77.31516474183469,9000000026
AIRTEL,4G,-99.0,Punjab,lahore,19.18352613467265,77.31185066357537,9000000184
AIRTEL,4G,-91.0,Punjab,amritsar,19.183551223573176,77.31330930103374,9000000041
JIO,4G,-62.0,Delhi,delhi,19.183685722056858,77.31526734542734,9000000033
JIO,4G,-62.0,Delhi,delhi,19.186760497432246,77.31614165375653,9000000060
AIRTEL,4G,-101.0,Delhi,delhi,19.18196024197021,77.31998394419665,9000000157
AIRTEL,4G,-101.0,Delhi,delhi,19.184121870227425,77.31558254696581,9000000175
JIO,4G,-63.0,Kerala,kollam,19.183283021497747,77.31950450977422,9000000086
JIO,4G,-63.0,Kerala,kochi,19.177095836273057,77.31513620689823,9000000187
AIRTEL,4G,-93.0,West Bengal,haora,19.183818791922675,77.312774634175,9000000013
AIRTEL,4G,-87.0,West Bengal,nadia,19.186144374847306,77.31252881590504,9000000126
AIRTEL,4G,-103.0,West Bengal,kolkata,19.183523531544445,77.31578166759458,9000000195
AIRTEL,4G,-102.0,West Bengal,nadia,19.18430412528521,77.32027975987408,9000000148
AIRTEL,4G,-98.0,West Bengal,haora,19.17982322433967,77.31229776019741,9000000002
AIRTEL,4G,-87.0,West Bengal,kolkata,19.1839634354854,77.31499811749747,9000000050
AIRTEL,4G,-103.0,West Bengal,bankura,19.1794559635939,77.31339758894686,9000000143
AIRTEL,4G,-105.0,West Bengal,bankura,19.17864847636462,77.31806396496005,9000000033
AIRTEL,4G,-94.0,Rajasthan,ajmer,19.177115605536105,77.3118867418972,9000000173
AIRTEL,4G,-89.0,Rajasthan,ajmer,19.17757955276642,77.31913104938249,9000000068
AIRTEL,4G,-89.0,Rajasthan,jodhpur,19.178194101602827,77.31080325957247,9000000067
AIRTEL,4G,-102.0,Rajasthan,jodhpur,19.177481378555697,77.31602717452435,9000000091
AIRTEL,4G,-91.0,Rajasthan,kota,19.184284429058557,77.31153982707391,9000000139
AIRTEL,4G,-94.0,Rajasthan,jodhpur,19.179239428815354,77.31489775713017,9000000092
AIRTEL,4G,-89.0,Rajasthan,jaipur,19.181519164008783,77.31688743485077,9000000110
AIRTEL,4G,-89.0,Rajasthan,bikaner,19.18379066430573,77.31850485995538,9000000039
AIRTEL,4G,-102.0,Rajasthan,jodhpur,19.18018215306352,77.31726969905665,9000000175
AIRTEL,4G,-91.0,Rajasthan,jaipur,19.17860319804821,77.31298238708429,9000000180
JIO,4G,-82.0,Gujarat,vadodara,19.17715286590705,77.31130493793474,9000000085
JIO,4G,-82.0,Gujarat,ahmedabad,19.180552532781828,77.31714411456502,9000000106
AIRTEL,4G,-91.0,West Bengal,nadia,19.18245183921231,77.32061374582055,9000000087
AIRTEL,4G,-88.0,West Bengal,haora,19.180603693534295,77.31446428409221,9000000083
AIRTEL,4G,-82.0,West Bengal,haora,19.186863234397023,77.31134729947766,9000000065
AIRTEL,4G,-99.0,West Bengal,haora,19.18169669423069,77.31390746412576,9000000179
AIRTEL,4G,-90.0,West Bengal,nadia,19.18052975729551,77.3194850395153,9000000102
AIRTEL,4G,-88.0,West Bengal,nadia,19.18505853224989,77.31631271509885,9000000077
AIRTEL,4G,-83.0,West Bengal,haora,19.17816599092216,77.31873632722018,9000000178
AIRTEL,4G,-98.0,West Bengal,nadia,19.182310466320978,77.3130321843397,9000000065
JIO,4G,-54.0,Punjab,ludhiana,19.18307989044568,77.31645246798277,9000000067
JIO,4G,-54.0,Punjab,amritsar,19.182753109043688,77.31268184358967,9000000005
JIO,4G,-55.0,Punjab,ludhiana,19.184995007617463,77.32041374941089,9000000053
JIO,4G,-54.0,Punjab,faisalabad,19.177563634907788,77.31336554658766,9000000075
JIO,4G,-54.0,Punjab,faisalabad,19.184988838092167,77.32045186227455,9000000133
JIO,4G,-55.0,Punjab,rawalpindi,19.177649588677284,77.31212647864778,9000000190
AIRTEL,4G,-68.0,UP,agra,19.18381760391119,77.32021552722762,9000000028
AIRTEL,4G,-68.0,UP,lucknow,19.184166898533768,77.31426839045571,9000000014
AIRTEL,4G,-86.0,UP,varanasi,19.18465815545054,77.31981912090745,9000000074
AIRTEL,4G,-87.0,UP,varanasi,19.181124987407266,77.31299229988197,9000000112
AIRTEL,4G,-102.0,UP,kanpur,19.180853617908614,77.31191170558958,9000000119
AIRTEL,4G,-74.0,UP,meerut,19.18346755043745,77.31105554945293,9000000141
AIRTEL,4G,-89.0,UP,kanpur,19.18125745348299,77.3125143110782,9000000057
AIRTEL,4G,-72.0,UP,varanasi,19.17780108448192,77.31353947828377,9000000160
AIRTEL,4G,-68.0,UP,meerut,19.184683153655538,77.31979658613785,9000000125
AIRTEL,4G,-86.0,UP,meerut,19.179124217685004,77.3203607937648,9000000099
AIRTEL,4G,-92.0,UP,meerut,19.185435096116887,77.31818692542083,9000000004
AIRTEL,4G,-105.0,UP,kanpur,19.184001671564893,77.31719050879643,9000000123
AIRTEL,4G,-73.0,UP,varanasi,19.178103911902465,77.31145186416794,9000000046
AIRTEL,4G,-85.0,UP,lucknow,19.1780220334152,77.31356179430938,9000000068
JIO,4G,-99.0,UP,agra,19.186401562308774,77.31900442230923,9000000113
JIO,4G,-99.0,UP,varanasi,19.179471791022294,77.31579319076346,9000000118
CELLONE,4G,-77.0,Tamil Nadu,tiruppur,19.18647664085885,77.32040177124809,9000000059
CELLONE,3G,-99.0,Tamil Nadu,tiruppur,19.184004639926385,77.31952810014343,9000000138
CELLONE,4G,-91.0,Tamil Nadu,Chennai,19.18172053327639,77.3195814474432,9000000008
CELLONE,4G,-96.0,Tamil Nadu,madurai,19.18445924830339,77.32024638277383,9000000051
CELLONE,4G,-77.0,Tamil Nadu,madurai,19.187033620864177,77.32020452978828,9000000056
CELLONE,3G,-99.0,Tamil Nadu,tiruppur,19.181059049137378,77.31385719421273,9000000192
CELLONE,4G,-91.0,Tamil Nadu,salem,19.18626796765269,77.31825553189123,9000000066
CELLONE,4G,-96.0,Tamil Nadu,tiruppur,19.180708021253807,77.31767112698122,9000000084
JIO,4G,-58.0,UP,kanpur,19.183919764657176,77.3178958686005,9000000177
JIO,4G,-58.0,UP,varanasi,19.179102410187944,77.31192537510651,9000000142
JIO,4G,-58.0,UP,varanasi,19.18135232190586,77.31338290244085,9000000098
JIO,4G,-58.0,UP,agra,19.181033424830172,77.31277265662969,9000000171
JIO,4G,-58.0,UP,meerut,19.1855278183388,77.31288869667053,9000000068
JIO,4G,-58.0,UP,varanasi,19.177557441062685,77.3206154025829,9000000042
JIO,4G,-58.0,UP,agra,19.186858602064305,77.31525132008694,9000000198
JIO,4G,-58.0,UP,kanpur,19.18523997986549,77.31217126585469,9000000112
JIO,4G,-76.0,Madhya Pradesh,ujjain,19.18450041095102,77.31259295951341,9000000082
JIO,4G,-76.0,Madhya Pradesh,indore,19.180539853930252,77.31327565166688,9000000023
JIO,4G,-100.0,UP,meerut,19.178060889571587,77.31619623347541,9000000193
JIO,4G,-100.0,UP,kanpur,19.18562345794674,77.31356981957995,9000000128
JIO,4G,-93.0,Bihar,muzzafarpur,19.18635814180828,77.3198713666514,9000000163
JIO,4G,-93.0,Bihar,purnia,19.179378540762254,77.313620209459,9000000134
JIO,4G,-78.0,Andhra Pradesh,vijayawada,19.181405716972662,77.31902654860978,9000000029
JIO,4G,-84.0,Tamil Nadu,coimbatore,19.179910034932057,77.31564332057897,9000000150
JIO,4G,-103.0,Tamil Nadu,Chennai,19.181875361364433,77.31148191017282,9000000156
JIO,4G,-67.0,Tamil Nadu,tiruppur,19.177107319217647,77.31922413962872,9000000079
JIO,4G,-98.0,Gujarat,surat,19.181685318112727,77.31860976335417,9000000122
JIO,4G,-95.0,Gujarat,bhavnagar,19.18117772474388,77.31602164627479,9000000132
JIO,4G,-98.0,Gujarat,ahmedabad,19.182755087130147,77.31077796340114,9000000173
JIO,4G,-95.0,Gujarat,bhavnagar,19.18683636387377,77.31915136456803,9000000128
JIO,4G,-85.0,Andhra Pradesh,kurnool,19.18088066515114,77.31971312968224,9000000000
JIO,4G,-86.0,Andhra Pradesh,visakhapatnam,19.178851406697746,77.3162530601548,9000000155
AIRTEL,4G,-85.0,Delhi,delhi,19.180324676899804,77.31733605951248,9000000096
AIRTEL,4G,-85.0,Delhi,delhi,19.181099645080536,77.31503213305835,9000000153
AIRTEL,4G,-104.0,UP,lucknow,19.183783123016983,77.3188685512575,9000000013
AIRTEL,4G,-102.0,UP,agra,19.184048423617483,77.31872657981688,9000000012
JIO,4G,-73.0,Karnataka,mysuru,19.18146497555692,77.31656803138473,9000000045
JIO,4G,-94.0,Tamil Nadu,madurai,19.186222664468797,77.31837775241662,9000000140
JIO,4G,-93.0,Tamil Nadu,salem,19.18691300741081,77.31490417817703,9000000188
JIO,4G,-94.0,Tamil Nadu,tiruppur,19.182750572296964,77.31335543741922,9000000152
JIO,4G,-93.0,Tamil Nadu,tiruppur,19.18043350077357,77.32062921809035,9000000143
JIO,4G,-83.0,West Bengal,kolkata,19.186275113397244,77.31419512585099,9000000019
JIO,4G,-83.0,West Bengal,bankura,19.183770484812698,77.31543625064282,9000000046
JIO,4G,-93.0,Tamil Nadu,Chennai,19.178134717063852,77.31822006672994,9000000029
JIO,4G,-100.0,Tamil Nadu,madurai,19.182790830018195,77.31101407462587,9000000157
JIO,4G,-95.0,Tamil Nadu,tiruppur,19.18699887591597,77.31078527949664,9000000146
JIO,4G,-91.0,Tamil Nadu,Chennai,19.184413972941044,77.31977887992332,9000000038
IDEA,4G,-97.0,UP,varanasi,19.17823673275147,77.31130480768954,9000000130
IDEA,4G,-100.0,UP,varanasi,19.17835146322916,77.31778488742219,9000000057
IDEA,4G,-96.0,UP,varanasi,19.18251904091948,77.31756907747658,9000000091
IDEA,3G,-93.0,UP,agra,19.17844098267008,77.31310725107045,9000000115
IDEA,4G,-97.0,UP,varanasi,19.18181261112773,77.31945723155253,9000000193
IDEA,4G,-100.0,UP,meerut,19.180993987027584,77.32018233627612,9000000064
IDEA,4G,-96.0,UP,kanpur,19.17937277388781,77.31764011864333,9000000023
IDEA,3G,-93.0,UP,lucknow,19.18589628350141,77.31113870028764,9000000001
JIO,4G,-59.0,Bihar,patna,19.17905151306222,77.3120838007453,9000000081
JIO,4G,-58.0,Bihar,bhagalpur,19.182225113771906,77.31745137374021,9000000071
JIO,4G,-59.0,Bihar,patna,19.182326947914664,77.3146087252595,9000000123
JIO,4G,-59.0,Bihar,muzzafarpur,19.1774801028331,77.31784223200859,9000000075
JIO,4G,-59.0,Bihar,purnia,19.186559494898642,77.31713169525153,9000000037
JIO,4G,-58.0,Bihar,patna,19.186744029233356,77.31093625420175,9000000113
JIO,4G,-59.0,Bihar,bhagalpur,19.186342682139454,77.31233449034735,9000000196
JIO,4G,-59.0,Bihar,gaya,19.17861308567941,77.31106167712822,9000000048
AIRTEL,4G,-102.0,Kerala,thrissur,19.177772669942268,77.31358992435895,9000000132
AIRTEL,4G,-103.0,Kerala,kollam,19.18382139328077,77.31554309727585,9000000132
AIRTEL,4G,-102.0,Kerala,kollam,19.18707348765417,77.3145421793083,9000000173
AIRTEL,4G,-102.0,Kerala,kochi,19.181853224998356,77.31418790171988,9000000046
AIRTEL,4G,-95.0,Bihar,purnia,19.18330136876819,77.31728325336209,9000000113
AIRTEL,4G,-94.0,Bihar,patna,19.184784181132585,77.3125978657664,9000000051
JIO,4G,-103.0,Rajasthan,jaipur,19.182150286442802,77.31136621324433,9000000093
JIO,4G,-63.0,Delhi,delhi,19.181300885678667,77.31711192994821,9000000131
JIO,4G,-63.0,Delhi,delhi,19.185388750631358,77.31252679340528,9000000166
JIO,4G,-64.0,UP,lucknow,19.17737859896129,77.31259808602569,9000000019
JIO,4G,-64.0,UP,meerut,19.178281919949796,77.3116948981082,9000000037
JIO,4G,-106.0,Maharashtra,nagpur,19.185693740777143,77.31343004625624,9000000001
JIO,4G,-106.0,Maharashtra,mumbai,19.18352837474552,77.31545889262625,9000000107
JIO,4G,-66.0,Delhi,delhi,19.180508988794976,77.3156881640471,9000000164
JIO,4G,-66.0,Delhi,delhi,19.181338765226567,77.31219649548852,9000000007
JIO,4G,-66.0,Delhi,delhi,19.183275128426565,77.31963770112759,9000000066
JIO,4G,-66.0,Delhi,delhi,19.179952868576017,77.31632272680295,9000000105
JIO,4G,-83.0,Gujarat,vadodara,19.186976961540704,77.31323198417367,9000000006
JIO,4G,-83.0,Gujarat,ahmedabad,19.18458662256943,77.31379511100049,9000000153
JIO,4G,-89.0,Tamil Nadu,Chennai,19.183297722847733,77.31198820004155,9000000007
JIO,4G,-85.0,Tamil Nadu,coimbatore,19.178322802363123,77.32001069087707,9000000028
JIO,4G,-94.0,Tamil Nadu,Chennai,19.180420721359585,77.31766591627905,9000000107
JIO,4G,-89.0,Tamil Nadu,Chennai,19.183359290248056,77.31839059343929,9000000106
JIO,4G,-85.0,Tamil Nadu,madurai,19.186067155520533,77.31363773182896,9000000097
JIO,4G,-93.0,Tamil Nadu,tiruppur,19.182393480562308,77.31365087796036,9000000188
JIO,4G,-96.0,Delhi,delhi,19.182938663383545,77.31346822676254,9000000195
JIO,4G,-91.0,Delhi,delhi,19.186438342392613,77.31746283975656,9000000122
JIO,4G,-92.0,Delhi,delhi,19.17876322961265,77.31109238012202,9000000079
JIO,4G,-92.0,Delhi,delhi,19.177343148584324,77.31889609113469,9000000098
JIO,4G,-93.0,Delhi,delhi,19.185722631499427,77.31496323477077,9000000038
JIO,4G,-91.0,Delhi,delhi,19.179533416185645,77.31537913290148,9000000108
JIO,4G,-91.0,Delhi,delhi,19.17747484879766,77.31424311880438,9000000017
JIO,4G,-93.0,Delhi,delhi,19.18427731365612,77.31401664540445,9000000032
JIO,4G,-94.0,Delhi,delhi,19.18648830506868,77.31931551512534,9000000077
JIO,4G,-93.0,Delhi,delhi,19.178926077641574,77.31510331051513,9000000060
IDEA,3G,-93.0,Kerala,trivandrum,19.184963330431614,77.31251571063143,9000000034
IDEA,3G,-89.0,Kerala,kochi,19.18200964545511,77.31310868541338,9000000142
IDEA,3G,-93.0,Kerala,thrissur,19.18555208186915,77.31398001006589,9000000136
IDEA,3G,-89.0,Kerala,kollam,19.178497363546057,77.31898023691703,9000000105
IDEA,4G,-109.0,Maharashtra,nanded,19.17931966988636,77.31610346663213,9000000040
IDEA,4G,-108.0,Maharashtra,pune,19.17941131980936,77.31402207101858,9000000009
IDEA,4G,-109.0,Maharashtra,aurangabad,19.17869867989253,77.31973428313499,9000000047
IDEA,4G,-108.0,Maharashtra,aurangabad,19.181474517850603,77.31267424092233,9000000122
JIO,4G,-107.0,Kerala,kochi,19.18187130094439,77.31326850480158,9000000145
JIO,4G,-94.0,Kerala,kollam,19.18084695481145,77.31285570150264,9000000181
JIO,4G,-105.0,Kerala,thrissur,19.178848426590413,77.31481177917115,9000000199
JIO,4G,-95.0,Kerala,trivandrum,19.177494779891266,77.31799372352633,9000000061
JIO,4G,-84.0,Gujarat,vadodara,19.183200745099164,77.31196569062534,9000000158
JIO,4G,-84.0,Gujarat,rajkot,19.186799452988588,77.3192886113676,9000000198
JIO,4G,-84.0,Gujarat,ahmedabad,19.185415700531767,77.31494504139592,9000000184
JIO,4G,-84.0,Gujarat,vadodara,19.185908937856254,77.31942189268905,9000000086
JIO,4G,-84.0,Gujarat,rajkot,19.182293912476577,77.3199014228268,9000000114
JIO,4G,-84.0,Gujarat,ahmedabad,19.182444592261195,77.31631558920705,9000000085
JIO,4G,-66.0,UP,lucknow,19.18112374281048,77.31951391924301,9000000125
JIO,4G,-66.0,UP,agra,19.180770138875943,77.31527185464141,9000000148
AIRTEL,4G,-93.0,Delhi,delhi,19.18687358295321,77.3205803070122,9000000157
AIRTEL,4G,-93.0,Delhi,delhi,19.177960361773586,77.31875462101469,9000000064
AIRTEL,4G,-93.0,Delhi,delhi,19.18349080659851,77.31464304593818,9000000007
AIRTEL,4G,-92.0,Delhi,delhi,19.18196503666212,77.31802094396609,9000000098
AIRTEL,4G,-96.0,Rajasthan,bikaner,19.184515993007466,77.31885537998177,9000000154
AIRTEL,4G,-83.0,Rajasthan,bikaner,19.185009589246786,77.31281010009215,9000000119
AIRTEL,4G,-110.0,Rajasthan,bikaner,19.179920008519915,77.3189850128349,9000000181
JIO,4G,-82.0,West Bengal,hugli,19.183494049625267,77.3166606680117,9000000198
JIO,4G,-76.0,West Bengal,bankura,19.179982763109628,77.31866071242935,9000000015
JIO,4G,-76.0,West Bengal,hugli,19.18260022707269,77.31719963530294,9000000196
JIO,4G,-79.0,West Bengal,kolkata,19.179828515229467,77.31156248289696,9000000165
JIO,4G,-74.0,West Bengal,nadia,19.182306882008135,77.31971168102385,9000000086
JIO,4G,-77.0,West Bengal,haora,19.177738111616982,77.31312180326022,9000000146
VODAFONE,4G,-71.0,Maharashtra,aurangabad,19.18101635201534,77.3118706425162,9000000033
VODAFONE,4G,-71.0,Maharashtra,nanded,19.1795614274026,77.31510071995976,9000000144
VODAFONE,4G,-71.0,Maharashtra,nagpur,19.186522532933786,77.31556644891262,9000000105
VODAFONE,4G,-70.0,Maharashtra,mumbai,19.182804197994386,77.31824313643946,9000000165
VODAFONE,4G,-77.0,Maharashtra,nanded,19.18306482571033,77.31749239300113,9000000162
VODAFONE,4G,-78.0,Maharashtra,mumbai,19.18352068264561,77.315559593343,9000000024
VODAFONE,4G,-74.0,Maharashtra,pune,19.17888818709565,77.3161878846467,9000000149
VODAFONE,4G,-78.0,Maharashtra,pune,19.18252981776048,77.32002534483756,9000000042
VODAFONE,4G,-78.0,Maharashtra,pune,19.17892933334149,77.31561011578584,9000000183
VODAFONE,4G,-111.0,Maharashtra,nanded,19.17815399043432,77.31703980924844,9000000160
VODAFONE,4G,-111.0,Maharashtra,nanded,19.17837824967496,77.31255751010731,9000000098
VODAFONE,4G,-83.0,Maharashtra,nanded,19.180340601439973,77.31293305624199,9000000004
VODAFONE,4G,-84.0,Maharashtra,pune,19.18514076890914,77.31979483083468,9000000135
VODAFONE,4G,-110.0,Maharashtra,nagpur,19.186608526963386,77.3160345099113,9000000120
VODAFONE,4G,-84.0,Maharashtra,nanded,19.179460531756824,77.31901709741122,9000000096
VODAFONE,4G,-89.0,Maharashtra,aurangabad,19.18668993040178,77.31876890761927,9000000112
VODAFONE,4G,-71.0,Maharashtra,pune,19.181314277544228,77.31317532825837,9000000125
VODAFONE,4G,-71.0,Maharashtra,pune,19.178037132042054,77.31599739339981,9000000056
VODAFONE,4G,-71.0,Maharashtra,mumbai,19.177826528240963,77.31510461444331,9000000055
VODAFONE,4G,-70.0,Maharashtra,nanded,19.186384291901046,77.31823752841011,9000000171
VODAFONE,4G,-76.0,Maharashtra,aurangabad,19.186417459436647,77.31446042949504,9000000167
VODAFONE,4G,-78.0,Maharashtra,pune,19.179086759632014,77.31163723271068,9000000022
VODAFONE,4G,-74.0,Maharashtra,mumbai,19.18330943089724,77.31209433840361,9000000118
VODAFONE,4G,-78.0,Maharashtra,aurangabad,19.18705056677892,77.3155941569824,9000000055
VODAFONE,4G,-79.0,Maharashtra,nagpur,19.18314955419633,77.31260931858615,9000000075
VODAFONE,4G,-111.0,Maharashtra,pune,19.177693813196463,77.31759158127512,9000000036
VODAFONE,4G,-108.0,Maharashtra,aurangabad,19.18684185423568,77.31238371111695,9000000117
VODAFONE,4G,-83.0,Maharashtra,nagpur,19.179844936407303,77.310908401607,9000000183
VODAFONE,4G,-84.0,Maharashtra,aurangabad,19.182342977724325,77.31340367081258,9000000053
VODAFONE,4G,-110.0,Maharashtra,nagpur,19.186688148367946,77.31376193917107,9000000114
VODAFONE,4G,-84.0,Maharashtra,nagpur,19.178096924056273,77.31853481627604,9000000130
VODAFONE,4G,-89.0,Maharashtra,pune,19.177303221555444,77.31398690675688,9000000144
AIRTEL,4G,-62.0,Andhra Pradesh,kurnool,19.180108011540828,77.31405783055321,9000000038
AIRTEL,4G,-62.0,Andhra Pradesh,vijayawada,19.179991518513102,77.31223046719266,9000000158
IDEA,4G,-88.0,UP,lucknow,19.182826964667683,77.31190182076226,9000000178
IDEA,4G,-82.0,UP,kanpur,19.18118651246732,77.31507350744006,9000000019
